Date,Selection,US_Above_MA,INTL_Above_MA,US_Momentum,INTL_Momentum,Pre_Tax_Value,After_Tax_Value,Pre_Tax_Return,After_Tax_Return,Tax_Paid_Cumulative
1997-01-31,US,True,False,0.171468,,10000.000000,10000.000000,,,0.000000
1997-02-28,US,True,False,0.135835,,10078.943787,10078.943787,0.007894,0.007894,0.000000
1997-03-31,US,True,False,0.073520,,9662.107075,9662.107075,-0.041357,-0.041357,0.000000
1997-04-30,US,True,True,0.120008,0.002387,10237.541659,10237.541659,0.059556,0.059556,0.000000
1997-05-31,US,True,True,0.140661,0.055158,10860.815224,10860.815224,0.060881,0.060881,0.000000
1997-06-30,US,True,True,0.192359,0.101533,11344.516862,11344.516862,0.044536,0.044536,0.000000
1997-07-31,US,True,True,0.255220,0.121647,12248.183804,12248.183804,0.079657,0.079657,0.000000
1997-08-31,US,True,True,0.140187,-0.000818,11561.177525,11561.177525,-0.056090,-0.056090,0.000000
1997-09-30,US,True,True,0.198743,0.057141,12193.454518,12193.454518,0.054690,0.054690,0.000000
1997-10-31,US,True,False,0.099973,-0.052595,11784.942844,11784.942844,-0.033503,-0.033503,0.000000
1997-11-30,US,True,False,0.132719,-0.045209,12326.874156,12326.874156,0.045985,0.045985,0.000000
1997-12-31,US,True,False,0.120767,-0.051016,12539.522890,11503.397551,0.017251,-0.066803,1036.125339
1998-01-31,US,True,False,0.097493,0.001456,12678.742640,11631.113744,0.011102,0.011102,1036.125339
1998-02-28,US,True,True,0.174600,0.083221,13590.632003,12467.654812,0.071923,0.071923,1036.125339
1998-03-31,US,True,True,0.210006,0.083807,14284.256222,13103.965716,0.051037,0.051037,1036.125339
1998-04-30,US,True,True,0.195424,0.098441,14428.202841,13236.018203,0.010077,0.010077,1036.125339
1998-05-31,US,True,True,0.120262,0.049131,14176.645643,13005.246867,-0.017435,-0.017435,1036.125339
1998-06-30,US,True,True,0.137677,0.026082,14753.858348,13534.765196,0.040716,0.040716,1036.125339
1998-07-31,US,True,True,0.086132,0.024242,14598.333345,13392.091033,-0.010541,-0.010541,1036.125339
1998-08-31,CASH,False,False,-0.066352,-0.109894,12485.435113,11453.778980,-0.144736,-0.144736,1036.125339
1998-09-30,CASH,False,False,-0.003922,-0.113063,12732.531560,11680.458153,0.019791,0.019791,1036.125339
1998-10-31,US,True,False,0.070361,0.008525,12660.238983,11614.139022,-0.005678,-0.005678,1036.125339
1998-11-30,US,True,True,0.148346,0.080132,13428.914033,12319.299399,0.060716,0.060716,1036.125339
1998-12-31,US,True,True,0.162819,0.105812,14208.483961,12409.783219,0.058052,0.007345,1660.796543
1999-01-31,US,True,True,0.172062,0.050482,14805.751518,12931.440627,0.042036,0.042036,1660.796543
1999-02-28,US,True,True,0.134691,0.037560,14343.149715,12527.401173,-0.031245,-0.031245,1660.796543
1999-03-31,US,True,True,0.137377,0.084432,14916.369516,13028.055113,0.039965,0.039965,1660.796543
1999-04-30,US,True,True,0.131773,0.095339,15490.944557,13529.892728,0.038520,0.038520,1660.796543
1999-05-31,US,True,True,0.091755,0.024010,15120.858013,13206.656709,-0.023891,-0.023891,1660.796543
1999-06-30,US,True,True,0.119224,0.061164,15960.975789,13940.421093,0.055560,0.055560,1660.796543
1999-07-31,INTL,True,True,0.053318,0.059860,15461.369435,13504.061622,-0.031302,-0.031302,1660.796543
1999-08-31,INTL,True,True,0.120939,0.121080,15512.229203,13548.482877,0.003289,0.003289,1660.796543
1999-09-30,INTL,False,True,0.047910,0.111560,15639.378623,13659.536016,0.008197,0.008197,1660.796543
1999-10-31,INTL,True,True,0.093999,0.098096,16224.265954,14170.380452,0.037398,0.037398,1660.796543
1999-11-30,INTL,True,True,0.089368,0.130437,16885.442936,14747.856772,0.040752,0.040752,1660.796543
1999-12-31,INTL,True,True,0.124458,0.198860,18468.398641,14612.400597,0.093747,-0.009185,3178.816628
2000-01-31,INTL,True,True,0.034114,0.087896,17319.770074,13703.593013,-0.062194,-0.062194,3178.816628
2000-02-29,INTL,True,True,0.031768,0.129952,17810.195754,14091.623217,0.028316,0.028316,3178.816628
2000-03-31,INTL,True,True,0.118686,0.120341,18429.392423,14581.538447,0.034766,0.034766,3178.816628
2000-04-30,US,True,True,0.046970,0.042612,17432.859265,13793.070428,-0.054073,-0.054073,3178.816628
2000-05-31,US,True,False,0.039354,0.025579,17077.511652,13511.915479,-0.020384,-0.020384,3178.816628
2000-06-30,INTL,True,True,0.016879,0.032717,17502.228752,13847.956330,0.024870,0.024870,3178.816628
2000-07-31,US,True,False,0.024558,-0.001494,16721.222202,13230.015338,-0.044623,-0.044623,3178.816628
2000-08-31,US,True,False,0.104173,0.018744,17756.255101,14048.944778,0.061899,0.061899,3178.816628
2000-09-30,CASH,False,False,0.009178,-0.054157,16817.053474,13305.838097,-0.052894,-0.052894,3178.816628
2000-10-31,CASH,False,False,0.012383,-0.057201,16912.309823,13381.205970,0.005664,0.005664,3178.816628
2000-11-30,CASH,False,False,-0.079926,-0.097198,17179.880276,13592.910662,0.015821,0.015821,3178.816628
2000-12-31,CASH,False,False,-0.062565,-0.069245,17486.684304,13835.657392,0.017858,0.017858,3178.816628
2001-01-31,CASH,False,False,-0.013557,-0.036280,17794.465749,14079.177464,0.017601,0.017601,3178.816628
2001-02-28,CASH,False,False,-0.101461,-0.109288,17956.187079,14207.133163,0.009088,0.009088,3178.816628
2001-03-31,CASH,False,False,-0.146674,-0.159321,18052.918053,14283.667776,0.005387,0.005387,3178.816628
2001-04-30,CASH,False,False,-0.063880,-0.057870,17969.107559,14217.355989,-0.004642,-0.004642,3178.816628
2001-05-31,CASH,False,False,-0.030669,-0.075773,18100.938401,14321.662005,0.007337,0.007337,3178.816628
2001-06-30,CASH,False,False,-0.045615,-0.101135,18195.860155,14396.765142,0.005244,0.005244,3178.816628
2001-07-31,CASH,False,False,-0.072699,-0.125106,18601.234559,14717.501840,0.022278,0.022278,3178.816628
2001-08-31,CASH,False,False,-0.120690,-0.116197,18807.721016,14880.876201,0.011101,0.011101,3178.816628
2001-09-30,CASH,False,False,-0.148172,-0.173588,18976.008914,15014.027441,0.008948,0.008948,3178.816628
2001-10-31,CASH,False,False,-0.124994,-0.126257,19329.168820,15293.451452,0.018611,0.018611,3178.816628
2001-11-30,CASH,False,False,-0.031530,-0.080663,18977.729388,15015.388699,-0.018182,-0.018182,3178.816628
2001-12-31,CASH,False,False,-0.015326,-0.046875,18962.303519,14843.744124,-0.000813,-0.011431,3338.256085
2002-01-31,CASH,False,False,-0.042126,-0.098302,18999.667665,14872.992881,0.001970,0.001970,3338.256085
2002-02-28,CASH,False,False,-0.039658,-0.066156,19255.516406,15073.271990,0.013466,0.013466,3338.256085
2002-03-31,US,True,True,0.037462,0.027569,18872.669214,14773.578139,-0.019882,-0.019882,3338.256085
2002-04-30,INTL,False,True,-0.052621,0.004816,17726.223649,13876.137351,-0.060746,-0.060746,3338.256085
2002-05-31,INTL,False,True,-0.059447,0.011717,17931.907678,14037.147383,0.011603,0.011603,3338.256085
2002-06-30,INTL,False,True,-0.129790,-0.042807,17165.267204,13437.019080,-0.042753,-0.042753,3338.256085
2002-07-31,CASH,False,False,-0.162687,-0.111977,15482.397870,12119.664268,-0.098039,-0.098039,3338.256085
2002-08-31,CASH,False,False,-0.119279,-0.088230,15739.637987,12321.032550,0.016615,0.016615,3338.256085
2002-09-30,CASH,False,False,-0.192373,-0.166738,15980.213363,12509.355626,0.015285,0.015285,3338.256085
2002-10-31,CASH,False,False,-0.064449,-0.074858,15882.379289,12432.770839,-0.006122,-0.006122,3338.256085
2002-11-30,CASH,False,False,-0.046180,-0.055932,15886.311921,12435.849315,0.000248,0.000248,3338.256085
2002-12-31,CASH,False,False,-0.075436,-0.064359,16215.311061,12693.390760,0.020710,0.020710,3338.256085
2003-01-31,CASH,False,False,-0.084950,-0.072752,16223.668664,12699.933115,0.000515,0.000515,3338.256085
2003-02-28,CASH,False,False,-0.104007,-0.098424,16446.872768,12874.657910,0.013758,0.013758,3338.256085
2003-03-31,CASH,False,False,-0.055244,-0.086188,16426.040062,12858.350010,-0.001267,-0.001267,3338.256085
2003-04-30,US,True,True,0.017437,0.002198,16568.562070,12969.916636,0.008677,0.008677,3338.256085
2003-05-31,US,True,True,0.039438,0.030179,17440.694572,13652.624393,0.052638,0.052638,3338.256085
2003-06-30,US,True,True,0.071480,0.067065,17660.435795,13824.638435,0.012599,0.012599,3338.256085
2003-07-31,INTL,True,True,0.093571,0.104412,17968.443840,14065.747993,0.017441,0.017441,3338.256085
2003-08-31,INTL,True,True,0.099201,0.115118,18419.191575,14418.594578,0.025086,0.025086,3338.256085
2003-09-30,INTL,True,True,0.110354,0.173553,18931.404912,14819.556608,0.027809,0.027809,3338.256085
2003-10-31,INTL,True,True,0.120851,0.184468,20160.716919,15781.865479,0.064935,0.064935,3338.256085
2003-11-30,INTL,True,True,0.079011,0.152553,20590.976122,16118.673583,0.021341,0.021341,3338.256085
2003-12-31,INTL,True,True,0.152171,0.232142,22197.682585,16343.081072,0.078030,0.013922,4371.582901
2004-01-31,INTL,True,True,0.148427,0.217795,22552.344807,16604.201728,0.015977,0.015977,4371.582901
2004-02-29,INTL,True,True,0.157003,0.239683,23115.631865,17018.922770,0.024977,0.024977,4371.582901
2004-03-31,INTL,True,True,0.122659,0.217767,23219.944283,17095.722964,0.004513,0.004513,4371.582901
2004-04-30,INTL,True,True,0.063916,0.122144,22489.757356,16558.121613,-0.031447,-0.031447,4371.582901
2004-05-31,INTL,True,True,0.061123,0.102800,22594.069774,16634.921806,0.004638,0.004638,4371.582901
2004-06-30,INTL,True,True,0.064750,0.097806,23136.494349,17034.282809,0.024007,0.024007,4371.582901
2004-07-31,INTL,True,True,0.019374,0.049351,22364.582455,16465.961381,-0.033363,-0.033363,4371.582901
2004-08-31,INTL,False,True,0.019501,0.050671,22531.482324,16588.841690,0.007463,0.007463,4371.582901
2004-09-30,INTL,True,True,0.031501,0.064216,23199.081799,17080.362925,0.029630,0.029630,4371.582901
2004-10-31,INTL,True,True,0.041590,0.089041,23950.131210,17633.324314,0.032374,0.032374,4371.582901
2004-11-30,INTL,True,True,0.072750,0.149001,25681.717352,18908.207518,0.072300,0.072300,4371.582901
2004-12-31,INTL,True,True,0.076164,0.142088,26822.978657,18359.067215,0.044439,-0.029042,5760.978756
2005-01-31,INTL,True,True,0.041617,0.108381,26375.929012,18053.082761,-0.016667,-0.016667,5760.978756
2005-02-28,INTL,True,True,0.054543,0.135451,27610.637554,18898.182681,0.046812,0.046812,5760.978756
2005-03-31,INTL,True,True,0.023723,0.069863,26801.690578,18344.496527,-0.029298,-0.029298,5760.978756
2005-04-30,INTL,True,True,0.014780,0.059394,26248.200543,17965.658632,-0.020651,-0.020651,5760.978756
2005-05-31,INTL,True,True,0.032627,0.034449,26269.488621,17980.229320,0.000811,0.000811,5760.978756
2005-06-30,INTL,True,True,0.016937,0.037004,26610.097874,18213.360332,0.012966,0.012966,5760.978756
2005-07-31,INTL,True,True,0.075314,0.091879,27589.349475,18883.611992,0.036800,0.036800,5760.978756
2005-08-31,INTL,True,True,0.041736,0.098993,28377.008372,19422.727458,0.028549,0.028549,5760.978756
2005-09-30,INTL,True,True,0.053606,0.138471,29718.157305,20340.680819,0.047262,0.047262,5760.978756
2005-10-31,INTL,True,True,0.025787,0.075091,28717.617625,19655.858471,-0.033668,-0.033668,5760.978756
2005-11-30,INTL,True,True,0.051772,0.084029,29483.988444,20180.403248,0.026686,0.026686,5760.978756
2005-12-31,INTL,True,True,0.031339,0.103798,30999.601845,20051.418868,0.051405,-0.006392,6927.329220
2006-01-31,INTL,True,True,0.060106,0.169764,33128.516337,21428.460948,0.068676,0.068676,6927.329220
2006-02-28,INTL,True,True,0.043235,0.114626,32889.556547,21273.895000,-0.007213,-0.007213,6927.329220
2006-03-31,INTL,True,True,0.058261,0.133540,33932.290176,21948.364591,0.031704,0.031704,6927.329220
2006-04-30,INTL,True,True,0.072538,0.182249,35670.179558,23072.480575,0.051216,0.051216,6927.329220
2006-05-31,INTL,True,True,0.019359,0.111347,34084.355497,22046.724739,-0.044458,-0.044458,6927.329220
2006-06-30,INTL,True,True,0.024460,0.092026,33954.013793,21962.416041,-0.003824,-0.003824,6927.329220
2006-07-31,INTL,True,True,0.010689,0.063988,34345.038904,22215.342137,0.011516,0.011516,6927.329220
2006-08-31,INTL,True,True,0.042304,0.092512,35213.983595,22777.400129,0.025300,0.025300,6927.329220
2006-09-30,INTL,True,True,0.057209,0.067581,35300.878064,22833.605928,0.002468,0.002468,6927.329220
2006-10-31,INTL,True,True,0.084657,0.104147,36712.913187,23746.950165,0.040000,0.040000,6927.329220
2006-11-30,INTL,True,True,0.087732,0.131895,38081.501075,24632.191503,0.037278,0.037278,6927.329220
2006-12-31,INTL,True,True,0.090922,0.141371,39256.948710,23213.341423,0.030867,-0.057601,9106.492062
2007-01-31,INTL,True,True,0.085854,0.109902,39634.632993,23436.672947,0.009621,0.009621,9106.492062
2007-02-28,INTL,True,True,0.048929,0.093464,39656.849716,23449.810096,0.000561,0.000561,9106.492062
2007-03-31,INTL,True,True,0.051712,0.105700,40767.685842,24106.667521,0.028011,0.028011,9106.492062
2007-04-30,INTL,True,True,0.078755,0.112488,42367.289864,25052.542214,0.039237,0.039237,9106.492062
2007-05-31,INTL,True,True,0.113909,0.140193,43678.076493,25827.633977,0.030939,0.030939,9106.492062
2007-06-30,INTL,True,True,0.079692,0.124421,43944.677164,25985.279759,0.006104,0.006104,9106.492062
2007-07-31,INTL,True,True,0.033894,0.094624,43478.125991,25709.399640,-0.010617,-0.010617,9106.492062
2007-08-31,INTL,True,True,0.047233,0.073878,43167.091875,25525.479561,-0.007154,-0.007154,9106.492062
2007-09-30,INTL,True,True,0.076138,0.134029,45921.965469,27154.485977,0.063819,0.063819,9106.492062
2007-10-31,INTL,True,True,0.070990,0.162529,48632.405618,28757.218095,0.059023,0.059023,9106.492062
2007-11-30,INTL,True,True,0.005038,0.077686,46410.733365,27443.503244,-0.045683,-0.045683,9106.492062
2007-12-31,INTL,False,True,-0.000172,0.037982,45350.525860,25346.460694,-0.022844,-0.076413,10576.614803
2008-01-31,CASH,False,False,-0.058453,-0.058081,41474.412538,23180.096532,-0.085470,-0.085470,10576.614803
2008-02-29,CASH,False,False,-0.063739,-0.021719,41538.871305,23216.122610,0.001554,0.001554,10576.614803
2008-03-31,CASH,False,False,-0.068967,-0.045755,41635.559494,23270.161749,0.002328,0.002328,10576.614803
2008-04-30,INTL,False,True,-0.021436,0.011089,41608.767759,23255.187818,-0.000643,-0.000643,10576.614803
2008-05-31,INTL,False,True,-0.010692,0.013714,42237.888856,23606.804318,0.015120,0.015120,10576.614803
2008-06-30,CASH,False,False,-0.090878,-0.075414,38441.468440,21484.980612,-0.089882,-0.089882,10576.614803
2008-07-31,CASH,False,False,-0.067863,-0.078271,38510.008976,21523.287996,0.001783,0.001783,10576.614803
2008-08-31,CASH,False,False,-0.050639,-0.118892,38542.723185,21541.572004,0.000849,0.000849,10576.614803
2008-09-30,CASH,False,False,-0.125428,-0.215039,38736.287306,21649.755212,0.005022,0.005022,10576.614803
2008-10-31,CASH,False,False,-0.263282,-0.372992,38646.380433,21599.506158,-0.002321,-0.002321,10576.614803
2008-11-30,CASH,False,False,-0.275320,-0.348826,38627.152982,21588.759914,-0.000498,-0.000498,10576.614803
2008-12-31,CASH,False,False,-0.215884,-0.235589,38639.305077,21595.551734,0.000315,0.000315,10576.614803
2009-01-31,CASH,False,False,-0.237617,-0.278895,38715.166041,21637.950513,0.001963,0.001963,10576.614803
2009-02-28,CASH,False,False,-0.282737,-0.300842,38713.248852,21636.878994,-0.000050,-0.000050,10576.614803
2009-03-31,CASH,False,False,-0.177153,-0.203860,38710.598351,21635.397627,-0.000068,-0.000068,10576.614803
2009-04-30,CASH,False,False,-0.069564,-0.048448,38733.866323,21648.402122,0.000601,0.000601,10576.614803
2009-05-31,INTL,True,True,0.007497,0.102021,38738.288348,21650.873597,0.000114,0.000114,10576.614803
2009-06-30,INTL,True,True,-0.016937,0.015457,38226.469510,21364.817464,-0.013212,-0.013212,10576.614803
2009-07-31,INTL,True,True,0.056916,0.129182,42033.122122,23492.359956,0.099582,0.099582,10576.614803
2009-08-31,INTL,True,True,0.094133,0.151584,43504.601282,24314.771340,0.035008,0.035008,10576.614803
2009-09-30,INTL,True,True,0.116210,0.204388,45743.808701,25566.266923,0.051471,0.051471,10576.614803
2009-10-31,INTL,True,True,0.083683,0.169543,44752.159702,25012.033165,-0.021678,-0.021678,10576.614803
2009-11-30,INTL,True,True,0.149318,0.190813,46479.548282,25977.472615,0.038599,0.038599,10576.614803
2009-12-31,INTL,True,True,0.142533,0.162203,47192.289641,25955.844111,0.015335,-0.000833,10996.595266
2010-01-31,INTL,True,True,0.108727,0.122641,44801.562962,24640.940142,-0.050659,-0.050659,10996.595266
2010-02-28,US,True,True,0.168240,0.158572,44899.812003,24694.977291,0.002193,0.002193,10996.595266
2010-03-31,US,True,True,0.182003,0.181223,47599.884686,26180.022118,0.060136,0.060136,10996.595266
2010-04-30,US,True,True,0.167609,0.119150,48351.019968,26593.147873,0.015780,0.015780,10996.595266
2010-05-31,CASH,False,False,0.030966,-0.045827,44484.882485,24466.765310,-0.079960,-0.079960,10996.595266
2010-06-30,CASH,False,False,-0.022686,-0.044676,44492.642605,24471.033390,0.000174,0.000174,10996.595266
2010-07-31,CASH,False,False,0.043834,0.047217,44475.182337,24461.430211,-0.000392,-0.000392,10996.595266
2010-08-31,CASH,False,False,-0.017640,0.007512,44475.182337,24461.430211,0.000000,0.000000,10996.595266
2010-09-30,INTL,True,True,0.071873,0.093839,44475.182337,24461.430211,0.000000,0.000000,10996.595266
2010-10-31,INTL,True,True,0.071923,0.087820,46051.894487,25328.624727,0.035452,0.035452,10996.595266
2010-11-30,US,True,True,0.080704,0.059938,43969.444478,24183.273480,-0.045220,-0.045220,10996.595266
2010-12-31,US,True,True,0.138690,0.132122,46902.794710,25796.621379,0.066713,0.066713,10996.595266
2011-01-31,US,True,True,0.128501,0.094959,48008.343230,26404.675052,0.023571,0.023571,10996.595266
2011-02-28,US,True,True,0.165954,0.144675,49648.442682,27306.732698,0.034163,0.034163,10996.595266
2011-03-31,US,True,True,0.096550,0.063920,49661.161450,27313.728043,0.000256,0.000256,10996.595266
2011-04-30,INTL,True,True,0.106905,0.114112,51125.132800,28118.914916,0.029479,0.029479,10996.595266
2011-05-31,INTL,True,True,0.103387,0.110833,49658.428170,27312.224734,-0.028689,-0.028689,10996.595266
2011-06-30,US,True,True,0.087141,0.084450,48910.109481,26900.648111,-0.015069,-0.015069,10996.595266
2011-07-31,US,True,True,0.035095,0.027284,47908.990101,26350.030652,-0.020469,-0.020469,10996.595266
2011-08-31,CASH,False,False,-0.008352,-0.046910,45299.646817,24914.887157,-0.054465,-0.054465,10996.595266
2011-09-30,CASH,False,False,-0.084506,-0.164516,45289.769005,24909.454342,-0.000218,-0.000218,10996.595266
2011-10-31,CASH,False,False,0.022863,-0.061113,45270.013380,24898.588713,-0.000436,-0.000436,10996.595266
2011-11-30,CASH,False,False,0.009941,-0.076385,45279.891193,24904.021528,0.000218,0.000218,10996.595266
2011-12-31,US,True,False,0.027506,-0.076469,45271.883250,24899.617145,-0.000177,-0.000177,10996.595266
2012-01-31,US,True,False,0.041116,-0.026268,47293.089091,26011.283990,0.044646,0.044646,10996.595266
2012-02-29,US,True,True,0.081409,0.028033,49329.932889,27131.551739,0.043069,0.043069,10996.595266
2012-03-31,US,True,True,0.124990,0.051833,50948.672431,28021.861396,0.032815,0.032815,10996.595266
2012-04-30,US,True,True,0.059240,-0.021583,50622.833333,27842.649307,-0.006395,-0.006395,10996.595266
2012-05-31,US,True,False,-0.009917,-0.125243,47576.434057,26167.124231,-0.060178,-0.060178,10996.595266
2012-06-30,US,True,False,0.040071,-0.031135,49531.325166,27242.317854,0.041089,0.041089,10996.595266
2012-07-31,US,True,False,0.039218,-0.052093,50209.890513,27615.530014,0.013700,0.013700,10996.595266
2012-08-31,US,True,True,0.080059,0.011521,51334.257512,28233.933884,0.022393,0.022393,10996.595266
2012-09-30,US,True,True,0.105637,0.062276,52656.900722,28961.390026,0.025765,0.025765,10996.595266
2012-10-31,US,True,True,0.045474,0.035561,51677.735287,28422.847277,-0.018595,-0.018595,10996.595266
2012-11-30,INTL,True,True,0.067446,0.086004,51967.124262,28582.011734,0.005600,0.005600,10996.595266
2012-12-31,INTL,True,True,0.055430,0.107537,54135.896465,28216.689880,0.041734,-0.012782,12554.745728
2013-01-31,INTL,True,True,0.095872,0.110185,55942.835599,29158.501959,0.033378,0.033378,12554.745728
2013-02-28,US,True,True,0.077632,0.062072,55256.198728,28800.613369,-0.012274,-0.012274,12554.745728
2013-03-31,US,True,True,0.095526,0.054665,57322.033518,29877.366936,0.037386,0.037386,12554.745728
2013-04-30,US,True,True,0.100228,0.085320,58416.071362,30447.600895,0.019086,0.019086,12554.745728
2013-05-31,US,True,True,0.134821,0.077636,59775.690855,31156.261213,0.023275,0.023275,12554.745728
2013-06-30,US,True,False,0.089205,0.015013,58968.388332,30735.479321,-0.013506,-0.013506,12554.745728
2013-07-31,US,True,True,0.123959,0.052682,61959.423023,32294.465203,0.050723,0.050723,12554.745728
2013-08-31,US,True,True,0.062785,0.026997,60155.243642,31354.091562,-0.029119,-0.029119,12554.745728
2013-09-30,INTL,True,True,0.089230,0.103146,62033.068227,32332.850526,0.031216,0.031216,12554.745728
2013-10-31,US,True,True,0.118351,0.098465,64149.581100,33436.018503,0.034119,0.034119,12554.745728
2013-11-30,US,True,True,0.140167,0.098497,66092.308808,34448.606246,0.030284,0.030284,12554.745728
2013-12-31,US,True,True,0.153388,0.091822,67753.720782,32418.632968,0.025138,-0.058928,15450.679478
2014-01-31,US,True,True,0.066383,0.007611,65403.260053,31293.990324,-0.034691,-0.034691,15450.679478
2014-02-28,US,True,True,0.120432,0.082283,68386.078237,32721.201801,0.045607,0.045607,15450.679478
2014-03-31,US,True,True,0.091628,0.048804,68949.440007,32990.757750,0.008238,0.008238,15450.679478
2014-04-30,US,True,True,0.088517,0.055650,69448.697378,33229.641183,0.007241,0.007241,15450.679478
2014-05-31,US,True,True,0.085093,0.066457,71070.285320,34005.534577,0.023349,0.023349,15450.679478
2014-06-30,US,True,True,0.096708,0.087310,72528.613007,34703.311606,0.020520,0.020520,15450.679478
2014-07-31,US,True,True,0.069242,0.062116,71521.883932,34221.614365,-0.013880,-0.013880,15450.679478
2014-08-31,US,True,True,0.106078,0.063257,74373.614500,35586.103363,0.039872,0.039872,15450.679478
2014-09-30,US,True,False,0.063863,-0.016540,73319.026279,35081.506596,-0.014180,-0.014180,15450.679478
2014-10-31,US,True,False,0.081537,-0.015026,75095.700304,35931.605195,0.024232,0.024232,15450.679478
2014-11-30,US,True,False,0.078826,-0.023965,77110.069948,36895.435807,0.026824,0.026824,15450.679478
2014-12-31,US,True,False,0.060431,-0.053959,76906.237390,35011.162904,-0.002643,-0.051071,17237.423082
2015-01-31,US,True,False,0.036622,-0.027135,74589.613671,33956.532055,-0.030123,-0.030123,17237.423082
2015-02-28,US,True,True,0.073445,0.010769,78866.457459,35903.542852,0.057338,0.057338,17237.423082
2015-03-31,US,True,False,0.044332,0.002592,77609.587240,35331.359250,-0.015937,-0.015937,17237.423082
2015-04-30,US,True,True,0.057813,0.054693,78346.168190,35666.683880,0.009491,0.009491,17237.423082
2015-05-31,US,True,True,0.041034,0.013938,79343.197652,36120.576335,0.012726,0.012726,17237.423082
2015-06-30,US,True,True,0.016951,-0.001673,77809.559522,35422.395586,-0.019329,-0.019329,17237.423082
2015-07-31,US,True,True,0.052507,-0.011648,79428.207639,36159.276688,0.020803,0.020803,17237.423082
2015-08-31,CASH,False,False,-0.042527,-0.094748,74629.488219,33974.684735,-0.060416,-0.060416,17237.423082
2015-09-30,CASH,False,False,-0.039867,-0.091928,74596.834757,33959.819417,-0.000438,-0.000438,17237.423082
2015-10-31,US,True,False,0.033831,-0.033617,74580.508026,33952.386758,-0.000219,-0.000219,17237.423082
2015-11-30,US,True,False,0.021635,-0.040768,74794.083364,34049.615815,0.002864,0.002864,17237.423082
2015-12-31,CASH,False,False,0.016825,-0.032524,73602.923145,33507.346346,-0.015926,-0.015926,17237.423082
2016-01-31,CASH,False,False,-0.047116,-0.094554,73619.035869,33514.681580,0.000219,0.000219,17237.423082
2016-02-29,CASH,False,False,-0.035220,-0.093350,73619.035869,33514.681580,0.000000,0.000000,17237.423082
2016-03-31,US,True,False,0.045368,0.005678,73619.035869,33514.681580,0.000000,0.000000,17237.423082
2016-04-30,US,True,True,0.022056,-0.004592,73894.153062,33639.927245,0.003737,0.003737,17237.423082
2016-05-31,US,True,True,0.035763,-0.008634,75211.615676,34239.695219,0.017829,0.017829,17237.423082
2016-06-30,US,True,True,0.025684,-0.024710,75399.618645,34325.282589,0.002500,0.002500,17237.423082
2016-07-31,US,True,True,0.070357,0.032488,78171.577569,35587.202412,0.036764,0.036764,17237.423082
2016-08-31,US,True,True,0.075289,0.057043,78272.800788,35633.283753,0.001295,0.001295,17237.423082
2016-09-30,US,True,True,0.063569,0.060940,78279.204661,35636.199083,0.000082,0.000082,17237.423082
2016-10-31,US,True,True,0.012070,0.006741,76844.287918,34982.960730,-0.018331,-0.018331,17237.423082
2016-11-30,US,True,True,0.048434,-0.006598,79686.752419,36276.977849,0.036990,0.036990,17237.423082
2016-12-31,US,True,True,0.063339,0.023458,81250.699577,36182.016786,0.019626,-0.002618,18044.362920
2017-01-31,US,True,True,0.088485,0.066889,82780.763097,36863.374414,0.018831,0.018831,18044.362920
2017-02-28,US,True,True,0.116834,0.083731,86061.156351,38324.177145,0.039627,0.039627,18044.362920
2017-03-31,US,True,True,0.082989,0.078079,86147.260563,38362.520495,0.001001,0.001001,18044.362920
2017-04-30,US,True,True,0.092902,0.082698,87024.338841,38753.095113,0.010181,0.010181,18044.362920
2017-05-31,INTL,True,True,0.079928,0.114844,88237.235378,39293.214067,0.013937,0.013937,18044.362920
2017-06-30,INTL,True,True,0.076672,0.102710,88700.327113,39499.434974,0.005248,0.005248,18044.362920
2017-07-31,INTL,True,True,0.078650,0.109011,91733.271711,40850.045528,0.034193,0.034193,18044.362920
2017-08-31,INTL,True,True,0.062272,0.093161,92318.576809,41110.689670,0.006381,0.006381,18044.362920
2017-09-30,INTL,True,True,0.081505,0.097920,93987.089757,41853.700669,0.018073,0.018073,18044.362920
2017-10-31,INTL,True,True,0.098839,0.104796,95805.849605,42663.618611,0.019351,0.019351,18044.362920
2017-11-30,US,True,True,0.110487,0.104886,96501.257781,42973.293117,0.007259,0.007259,18044.362920
2017-12-31,INTL,True,True,0.101832,0.113271,97564.690384,40482.800295,0.011020,-0.057954,21008.416419
2018-01-31,US,True,True,0.143648,0.142593,103020.610570,42746.641101,0.055921,0.055921,21008.416419
2018-02-28,US,True,True,0.067327,0.062491,99210.443116,41165.677255,-0.036985,-0.036985,21008.416419
2018-03-31,INTL,True,True,0.040642,0.050401,96679.061806,40115.323857,-0.025515,-0.025515,21008.416419
2018-04-30,INTL,True,True,0.028586,0.036082,97479.827089,40447.587722,0.008283,0.008283,21008.416419
2018-05-31,US,True,False,0.049657,0.016724,95611.374762,39672.305372,-0.019168,-0.019168,21008.416419
2018-06-30,US,True,False,0.052008,-0.004598,96189.875352,39912.344301,0.006051,0.006051,21008.416419
2018-07-31,US,True,False,0.068165,0.001224,99757.857102,41392.817330,0.037093,0.037093,21008.416419
2018-08-31,US,True,False,0.095917,-0.011345,102996.250850,42736.533451,0.032463,0.032463,21008.416419
2018-09-30,US,True,False,0.093243,-0.000677,103567.210492,42973.443394,0.005543,0.005543,21008.416419
2018-10-31,CASH,False,False,0.000933,-0.096656,96473.882277,40030.188120,-0.068490,-0.068490,21008.416419
2018-11-30,US,True,False,0.016652,-0.056340,96653.628388,40104.770695,0.001863,0.001863,21008.416419
2018-12-31,CASH,False,False,-0.085099,-0.105549,87916.003381,36479.242578,-0.090401,-0.090401,21008.416419
2019-01-31,CASH,False,False,0.006763,-0.021021,88069.803518,36543.059316,0.001749,0.001749,21008.416419
2019-02-28,US,True,True,0.015004,-0.009448,88232.748541,36610.670567,0.001850,0.001850,21008.416419
2019-03-31,US,True,True,0.057797,0.007543,89941.496902,37319.686487,0.019366,0.019366,21008.416419
2019-04-30,US,True,True,0.091337,0.034318,93576.156721,38827.826440,0.040411,0.040411,21008.416419
2019-05-31,CASH,False,False,-0.006834,-0.032496,87620.403829,36356.588598,-0.063646,-0.063646,21008.416419
2019-06-30,US,True,True,0.100104,0.055638,87779.470160,36422.590452,0.001815,0.001815,21008.416419
2019-07-31,US,True,True,0.055430,-0.010900,89031.106244,36941.935447,0.014259,0.014259,21008.416419
2019-08-31,US,True,True,0.035297,-0.014436,87614.525870,36354.149639,-0.015911,-0.015911,21008.416419
2019-09-30,US,True,True,0.034143,0.001530,89243.147484,37029.918335,0.018588,0.018588,21008.416419
2019-10-31,US,True,True,0.057067,0.049396,91166.337150,37827.913007,0.021550,0.021550,21008.416419
2019-11-30,US,True,True,0.106495,0.070407,94466.946441,39197.444405,0.036204,0.036204,21008.416419
2019-12-31,US,True,True,0.135551,0.104862,97306.120691,40375.511221,0.030055,0.030055,21008.416419
2020-01-31,US,True,True,0.093514,0.033745,97257.167384,40355.198884,-0.000503,-0.000503,21008.416419
2020-02-29,CASH,False,False,-0.009635,-0.028959,89241.879203,37029.392083,-0.082413,-0.082413,21008.416419
2020-03-31,CASH,False,False,-0.128718,-0.186548,89424.643919,37105.227178,0.002048,0.002048,21008.416419
2020-04-30,CASH,False,False,0.002545,-0.083577,89407.335075,37098.045169,-0.000194,-0.000194,21008.416419
2020-05-31,US,True,False,0.047079,-0.033767,89392.041304,37091.699280,-0.000171,-0.000171,21008.416419
2020-06-30,US,True,False,0.066783,0.018778,91159.946466,37825.261302,0.019777,0.019777,21008.416419
2020-07-31,US,True,True,0.081584,0.039303,96289.525447,39953.692405,0.056270,0.056270,21008.416419
2020-08-31,US,True,True,0.162316,0.084193,103416.772764,42911.021831,0.074019,0.074019,21008.416419
2020-09-30,US,True,True,0.127784,0.084697,99267.607774,41189.396753,-0.040121,-0.040121,21008.416419
2020-10-31,US,True,True,0.051131,0.024002,96615.822680,40089.083863,-0.026713,-0.026713,21008.416419
2020-11-30,INTL,True,True,0.129437,0.133274,107181.378974,44473.080817,0.109356,0.109356,21008.416419
2020-12-31,INTL,True,True,0.140731,0.145651,113416.109945,44376.547420,0.058170,-0.002171,23691.944843
2021-01-31,INTL,True,True,0.111249,0.133768,113299.186120,44330.798402,-0.001031,-0.001031,23691.944843
2021-02-28,INTL,True,True,0.122406,0.133927,115929.972176,45360.151306,0.023220,0.023220,23691.944843
2021-03-31,US,True,True,0.214288,0.199530,117888.240310,46126.366782,0.016892,0.016892,23691.944843
2021-04-30,US,True,True,0.232195,0.206543,124163.097701,48581.542742,0.053227,0.053227,23691.944843
2021-05-31,INTL,True,True,0.171032,0.176160,125018.175603,48916.110777,0.006887,0.006887,23691.944843
2021-06-30,US,True,True,0.166591,0.128066,124444.871106,48691.792784,-0.004586,-0.004586,23691.944843
2021-07-31,US,True,True,0.158045,0.094693,127384.242022,49841.886301,0.023620,0.023620,23691.944843
2021-08-31,US,True,True,0.152756,0.089202,131242.754537,51351.614184,0.030290,0.030290,23691.944843
2021-09-30,US,True,False,0.087061,0.050630,125122.783682,48957.040989,-0.046631,-0.046631,23691.944843
2021-10-31,US,True,True,0.164133,0.090117,133872.914731,52380.722207,0.069932,0.069932,23691.944843
2021-11-30,US,True,False,0.094112,-0.011435,132932.141922,52012.624154,-0.007027,-0.007027,23691.944843
2021-12-31,US,True,True,0.138966,0.034538,138872.194693,50273.017209,0.044685,-0.033446,27755.728077
2022-01-31,US,True,False,0.049131,-0.007642,131667.649070,47664.905147,-0.051879,-0.051879,27755.728077
2022-02-28,CASH,False,False,0.016523,-0.029246,127714.936047,46233.986522,-0.030020,-0.030020,27755.728077
2022-03-31,US,True,False,0.050952,-0.031568,127772.925005,46254.979061,0.000454,0.000454,27755.728077
2022-04-30,CASH,False,False,-0.066427,-0.096692,116618.000347,42216.793299,-0.087303,-0.087303,27755.728077
2022-05-31,CASH,False,False,-0.035973,-0.057904,116656.269216,42230.646983,0.000328,0.000328,27755.728077
2022-06-30,CASH,False,False,-0.137906,-0.145832,116747.292985,42263.598428,0.000780,0.000780,27755.728077
2022-07-31,CASH,False,False,-0.007716,-0.069303,116789.260412,42278.791025,0.000359,0.000359,27755.728077
2022-08-31,CASH,False,False,-0.070675,-0.116303,117015.135907,42360.560040,0.001934,0.001934,27755.728077
2022-09-30,CASH,False,False,-0.124956,-0.169580,117256.344867,42447.879912,0.002061,0.002061,27755.728077
2022-10-31,CASH,False,False,-0.045291,-0.115063,117442.741276,42515.357133,0.001590,0.001590,27755.728077
2022-11-30,INTL,True,True,-0.001627,0.010770,117812.222077,42649.112596,0.003146,0.003146,27755.728077
2022-12-31,INTL,False,True,-0.035620,-0.002267,115279.001808,41732.063460,-0.021502,-0.021502,27755.728077
2023-01-31,INTL,True,True,0.007790,0.074074,124966.312884,45238.959549,0.084034,0.084034,27755.728077
2023-02-28,INTL,True,True,-0.028535,-0.006780,119776.681950,43360.265216,-0.041528,-0.041528,27755.728077
2023-03-31,INTL,True,True,0.046969,0.067356,122933.352810,44503.009224,0.026355,0.026355,27755.728077
2023-04-30,INTL,True,True,0.038273,0.063661,125013.443383,45256.021225,0.016920,0.016920,27755.728077
2023-05-31,US,True,True,0.030392,-0.003602,120783.925886,43724.896824,-0.033833,-0.033833,27755.728077
2023-06-30,US,True,True,0.128822,0.071167,128749.914366,46608.658234,0.065952,0.065952,27755.728077
2023-07-31,US,True,True,0.099913,0.064840,132872.996883,48101.252189,0.032024,0.032024,27755.728077
2023-08-31,US,True,True,0.092121,0.039323,130744.044010,47330.551584,-0.016022,-0.016022,27755.728077
2023-09-30,US,True,False,0.046189,0.028668,124496.686154,45068.950335,-0.047783,-0.047783,27755.728077
2023-10-31,CASH,False,False,0.002260,-0.022020,121863.084256,44115.562122,-0.021154,-0.021154,27755.728077
2023-11-30,US,True,True,0.086502,0.055046,122433.074085,44321.903705,0.004677,0.004677,27755.728077
2023-12-31,US,True,True,0.125654,0.087855,127982.520972,46330.854737,0.045326,0.045326,27755.728077
2024-01-31,US,True,True,0.111595,0.036595,130114.302726,47102.579423,0.016657,0.016657,27755.728077
2024-02-29,US,True,True,0.153460,0.073506,137047.682947,49612.527105,0.053287,0.053287,27755.728077
2024-03-31,US,True,True,0.167041,0.087920,141440.473631,51202.757908,0.032053,0.032053,27755.728077
2024-04-30,US,True,True,0.108862,0.065603,135647.629998,49105.695005,-0.040956,-0.040956,27755.728077
2024-05-31,US,True,True,0.132755,0.092498,142356.361295,51534.317702,0.049457,0.049457,27755.728077
2024-06-30,US,True,True,0.118536,0.039944,147446.654920,53377.051012,0.035757,0.035757,27755.728077
2024-07-31,US,True,True,0.119687,0.071113,149222.979611,54020.096957,0.012047,0.012047,27755.728077
2024-08-31,US,True,True,0.120589,0.084561,152825.377789,55324.198372,0.024141,0.024141,27755.728077
2024-09-30,US,True,True,0.136172,0.110654,156069.290608,56498.524776,0.021226,0.021226,27755.728077
2024-10-31,US,True,True,0.136350,0.062200,154640.073900,55981.135126,-0.009158,-0.009158,27755.728077
2024-11-30,US,True,True,0.154160,0.030917,163696.670944,59259.706910,0.058566,0.058566,27755.728077
2024-12-31,US,True,False,0.082954,-0.011592,159775.110350,54752.709947,-0.023956,-0.076055,30843.083882
2025-01-31,US,True,True,0.112995,0.037207,164204.804939,56270.704724,0.027725,0.027725,30843.083882
2025-02-28,US,True,True,0.054867,0.033412,162044.409040,55530.367072,-0.013157,-0.013157,30843.083882
2025-03-31,INTL,False,True,-0.009732,0.024135,152893.072266,52394.331134,-0.056474,-0.056474,30843.083882
2025-04-30,INTL,False,True,0.004782,0.065355,157649.404669,54024.260151,0.031109,0.031109,30843.083882
2025-05-31,INTL,True,True,0.044542,0.091001,164937.333352,56521.732031,0.046229,0.046229,30843.083882
2025-06-30,INTL,True,True,0.092781,0.130942,171345.590519,58717.752708,0.038853,0.038853,30843.083882
2025-07-31,US,True,True,0.095307,0.084870,169723.292322,58161.813661,-0.009468,-0.009468,30843.083882
2025-08-31,INTL,True,True,0.091119,0.108053,173147.038300,59335.083828,0.020173,0.020173,30843.083882
2025-09-30,US,True,True,0.122561,0.118607,179420.894417,61485.047132,0.036234,0.036234,30843.083882
2025-10-31,US,True,True,0.138275,0.134563,183599.893853,62917.132164,0.023292,0.023292,30843.083882
2025-11-30,INTL,True,True,0.094640,0.110263,184029.999497,63064.523391,0.002343,0.002343,30843.083882
2025-12-31,INTL,True,True,0.078224,0.127232,188903.173469,60661.925153,0.026480,-0.038097,34915.651119
2026-01-31,INTL,True,True,0.073506,0.172342,199739.963033,64141.911780,0.057367,0.057367,34915.651119
2026-02-28,INTL,True,True,0.059519,0.199889,210342.865051,67546.790781,0.053084,0.053084,34915.651119
2026-03-31,INTL,False,True,0.016031,0.066827,192163.734985,61708.979763,-0.086426,-0.086426,34915.651119
2026-04-30,INTL,True,True,0.117169,0.127812,204256.864877,65592.411295,0.062931,0.062931,34915.651119
2026-05-31,INTL,True,True,0.076025,0.083993,204256.864877,63580.772949,0.000000,-0.030669,36927.289465
