Date,Pre_Tax_Value,After_Tax_Value,Tax_Paid_Cumulative,BIL_Weight,Holdings,Num_Holdings,IGOV_Weight,VEA_Weight,VTV_Weight,VWO_Weight,IAU_Weight,VBR_Weight,VBK_Weight,GSG_Weight,VNQ_Weight,QQQ_Weight,VGLT_Weight,VGIT_Weight,VCIT_Weight,SPMO_Weight,Pre_Tax_Return,After_Tax_Return,Year
1999-01-31,10000.000000,10000.000000,0.000000,0.500000,"BIL,IGOV,VEA,VTV",4,0.166667,0.166667,0.166667,,,,,,,,,,,,,,1999
1999-02-28,9811.523427,9811.523427,0.000000,0.334055,"BIL,IGOV,VEA,VTV,VWO",5,0.166907,0.166202,0.166169,0.166667,,,,,,,,,,,-0.018848,-0.018848,1999
1999-03-31,10159.260955,10159.260955,0.000000,0.324327,"BIL,IGOV,VEA,VTV,VWO",5,0.162047,0.168483,0.165317,0.179826,,,,,,,,,,,0.035442,0.035442,1999
1999-04-30,10692.918564,10692.918564,0.000000,0.142746,"BIL,IAU,IGOV,VEA,VTV,VWO",6,0.154595,0.168211,0.170630,0.197151,0.166667,,,,,,,,,,0.052529,0.052529,1999
1999-05-31,10231.270257,10231.270257,0.000000,0.127069,"BIL,VBK,VBR,VEA,VTV,VWO",6,,0.167004,0.175097,0.197496,,0.166667,0.166667,,,,,,,,-0.043173,-0.043173,1999
1999-06-30,10733.754106,10733.754106,0.000000,0.000000,"IAU,VBK,VBR,VEA,VTV,VWO",6,,0.166174,0.173294,0.203194,0.121149,0.168682,0.167508,,,,,,,,0.049113,0.049113,1999
1999-07-31,10600.699591,10600.699591,0.000000,0.000000,"IAU,VBK,VBR,VEA,VTV,VWO",6,,0.172080,0.170061,0.198670,0.121665,0.168088,0.169435,,,,,,,,-0.012396,-0.012396,1999
1999-08-31,10373.601727,10373.601727,0.000000,0.000000,"IAU,VBK,VBR,VEA,VTV,VWO",6,,0.176426,0.169421,0.201011,0.123303,0.164565,0.165274,,,,,,,,-0.021423,-0.021423,1999
1999-09-30,10581.575810,10581.575810,0.000000,0.159539,"BIL,IAU,VBK,VBR,VEA,VWO",6,,0.174376,,0.196076,0.145692,0.158433,0.165884,,,,,,,,0.020048,0.020048,1999
1999-10-31,10575.640044,10575.640044,0.000000,0.000000,"IAU,IGOV,VBK,VEA,VTV,VWO",6,0.166667,0.180999,0.148212,0.203671,0.132018,,0.168433,,,,,,,,-0.000561,-0.000561,1999
1999-11-30,10946.561838,10946.561838,0.000000,0.000000,"IAU,IGOV,VBK,VEA,VTV,VWO",6,0.161052,0.181992,0.142338,0.212755,0.129814,,0.172049,,,,,,,,0.035073,0.035073,1999
1999-12-31,11838.951561,11838.951561,0.000000,0.000000,"IAU,VBK,VBR,VEA,VTV,VWO",6,,0.184049,0.136532,0.224876,0.127408,0.148197,0.178937,,,,,,,,0.081522,0.081522,1999
2000-01-31,11271.820654,11271.820654,0.000000,0.119711,"BIL,IAU,IGOV,VBK,VEA,VWO",6,0.166667,0.181287,,0.224665,0.122043,,0.185628,,,,,,,,-0.047904,-0.047904,2000
2000-02-29,11792.471113,11792.471113,0.000000,0.056786,"BIL,IGOV,VBK,VBR,VEA,VWO",6,0.161182,0.178189,,0.222331,,0.166667,0.214844,,,,,,,,0.046190,0.046190,2000
2000-03-31,11733.608857,11733.608857,0.000000,0.000000,"IGOV,VBK,VBR,VEA,VTV,VWO",6,0.164264,0.185309,0.057872,0.221442,,0.174070,0.197043,,,,,,,,-0.004992,-0.004992,2000
2000-04-30,11328.230458,11328.230458,0.000000,0.000000,"IGOV,VBK,VBR,VEA,VTV,VWO",6,0.168375,0.181562,0.059542,0.212244,,0.181577,0.196699,,,,,,,,-0.034548,-0.034548,2000
2000-05-31,11017.451488,11017.451488,0.000000,0.388317,"BIL,IGOV,VBK,VBR,VTV",5,0.173802,,0.061414,,,0.183851,0.192617,,,,,,,,-0.027434,-0.027434,2000
2000-06-30,11344.241202,11344.241202,0.000000,0.273737,"BIL,IGOV,VBK,VBR,VEA",5,0.171472,0.166667,,,,0.183662,0.204462,,,,,,,,0.029661,0.029661,2000
2000-07-31,11186.485695,11186.485695,0.000000,0.468015,"BIL,IGOV,VBR,VTV",4,0.175398,,0.166667,,,0.189921,,,,,,,,,-0.013906,-0.013906,2000
2000-08-31,11577.795633,11577.795633,0.000000,0.127780,"BIL,IAU,IGOV,VBK,VBR,VTV",6,0.172811,,0.171730,,0.166667,0.194345,0.166667,,,,,,,,0.034981,0.034981,2000
2000-09-30,11360.870472,11360.870472,0.000000,0.288862,"BIL,IGOV,VBK,VBR,VTV",5,0.177450,,0.174948,,,0.197631,0.161109,,,,,,,,-0.018736,-0.018736,2000
2000-10-31,11457.054490,11457.054490,0.000000,0.288060,"BIL,IGOV,VBK,VBR,VTV",5,0.176957,,0.176698,,,0.197236,0.161050,,,,,,,,0.008466,0.008466,2000
2000-11-30,11017.001120,11017.001120,0.000000,0.280234,"BIL,IAU,IGOV,VBR,VTV",5,0.186936,,0.174416,,0.166667,0.191747,,,,,,,,,-0.038409,-0.038409,2000
2000-12-31,11690.742394,11540.334327,150.408068,0.270742,"BIL,IAU,IGOV,VBR,VTV",5,0.179309,,0.173681,,0.173424,0.207092,,,,,,,,,0.061155,0.047502,2000
2001-01-31,12042.799641,11888.975504,150.408068,0.267428,"BIL,IAU,IGOV,VBR,VTV",5,0.177114,,0.175738,,0.166783,0.217059,,,,,,,,,0.030114,0.030211,2001
2001-02-28,11925.514529,11773.016868,150.408068,0.272516,"BIL,IAU,IGOV,VBR,VTV",5,0.180484,,0.165633,,0.175378,0.210152,,,,,,,,,-0.009739,-0.009753,2001
2001-03-31,11483.947767,11334.951871,150.408068,0.602327,"BIL,IGOV,VBR",3,0.188469,,,,,0.209203,,,,,,,,,-0.037027,-0.037209,2001
2001-04-30,11586.134211,11436.188150,150.408068,0.260890,"BIL,IAU,IGOV,VBR,VTV",5,0.185934,,0.166667,,0.166667,0.219842,,,,,,,,,0.008898,0.008931,2001
2001-05-31,11844.730438,11691.549630,150.408068,0.257064,"BIL,IAU,IGOV,VBR,VTV",5,0.183207,,0.164671,,0.174463,0.220594,,,,,,,,,0.022319,0.022329,2001
2001-06-30,11872.571186,11719.254569,150.408068,0.250125,"BIL,IAU,IGOV,VBK,VBR",5,0.183732,,,,0.170317,0.229159,0.166667,,,,,,,,0.002350,0.002370,2001
2001-07-31,11769.996922,11617.793442,150.408068,0.257930,"BIL,IAU,IGOV,VBK,VBR",5,0.189466,,,,0.160295,0.228478,0.163831,,,,,,,,-0.008640,-0.008658,2001
2001-08-31,11807.619289,11654.756952,150.408068,0.418389,"BIL,IAU,IGOV,VBR",4,0.190962,,,,0.166461,0.224188,,,,,,,,,0.003196,0.003182,2001
2001-09-30,11577.800976,11426.955313,150.408068,0.626475,"BIL,IAU,IGOV",3,0.196511,,,,0.177014,,,,,,,,,,-0.019464,-0.019546,2001
2001-10-31,11752.672530,11599.544954,150.408068,0.628639,"BIL,IAU,IGOV",3,0.197190,,,,0.174170,,,,,,,,,,0.015104,0.015104,2001
2001-11-30,11627.925665,11476.431203,150.408068,0.290497,"BIL,IAU,IGOV,VBK,VBR",5,0.195682,,,,0.180487,0.166667,0.166667,,,,,,,,-0.010614,-0.010614,2001
2001-12-31,11966.561451,11682.957244,278.112946,0.116165,"BIL,IAU,IGOV,VBK,VBR,VWO",6,0.189990,,,0.167663,0.182415,0.174418,0.173001,,,,,,,,0.029123,0.017996,2001
2002-01-31,12259.172288,11969.513738,278.112946,0.113608,"BIL,IAU,IGOV,VBK,VBR,VWO",6,0.185807,,,0.168341,0.193875,0.173386,0.168548,,,,,,,,0.024452,0.024528,2002
2002-02-28,12473.011593,12178.779117,278.112946,0.113159,"BIL,IAU,IGOV,VBK,VBR,VWO",6,0.185073,,,0.169868,0.204870,0.169918,0.160614,,,,,,,,0.017443,0.017483,2002
2002-03-31,13011.794604,12706.915766,278.112946,0.000000,"IAU,VBK,VBR,VEA,VTV,VWO",6,,0.166667,0.110130,0.170175,0.211199,0.177063,0.164767,,,,,,,,0.043196,0.043365,2002
2002-04-30,13190.717002,12884.088539,278.112946,0.000000,"IAU,IGOV,VBK,VBR,VEA,VWO",6,0.103150,0.165071,,0.168380,0.216869,0.181720,0.164810,,,,,,,,0.013751,0.013943,2002
2002-05-31,13453.807267,13140.730165,278.112946,0.000000,"IAU,IGOV,VBK,VBR,VEA,VWO",6,0.101944,0.163725,,0.164379,0.244347,0.171372,0.154233,,,,,,,,0.019945,0.019919,2002
2002-06-30,12541.207403,12246.746939,278.112946,0.155623,"BIL,IAU,IGOV,VBR,VEA,VWO",6,0.109702,0.168166,,0.161855,0.228565,0.176089,,,,,,,,,-0.067832,-0.068031,2002
2002-07-31,11337.726026,11068.309148,278.112946,0.878031,"BIL,IGOV",2,0.121969,,,,,,,,,,,,,,-0.095962,-0.096225,2002
2002-08-31,11526.102399,11252.209159,278.112946,0.711364,"BIL,IAU,IGOV",3,0.121969,,,,0.166667,,,,,,,,,,0.016615,0.016615,2002
2002-09-30,11628.496504,11352.170085,278.112946,0.877257,"BIL,IGOV",2,0.122743,,,,,,,,,,,,,,0.008884,0.008884,2002
2002-10-31,11557.304514,11282.669821,278.112946,0.877257,"BIL,IGOV",2,0.122743,,,,,,,,,,,,,,-0.006122,-0.006122,2002
2002-11-30,11560.166215,11285.463520,278.112946,0.877257,"BIL,IGOV",2,0.122743,,,,,,,,,,,,,,0.000248,0.000248,2002
2002-12-31,11799.572615,11365.707701,431.586184,0.713171,"BIL,IAU,IGOV",3,0.122743,,,,0.166943,,,,,,,,,,0.020710,0.007110,2002
2003-01-31,11869.652091,11433.329293,431.586184,0.709318,"BIL,IAU,IGOV",3,0.122080,,,,0.171442,,,,,,,,,,0.005939,0.005950,2003
2003-02-28,11898.456740,11461.308451,431.586184,0.717322,"BIL,IAU,IGOV",3,0.123457,,,,0.162054,,,,,,,,,,0.002427,0.002447,2003
2003-03-31,11766.636169,11334.106899,431.586184,0.875315,"BIL,IGOV",2,0.124685,,,,,,,,,,,,,,-0.011079,-0.011098,2003
2003-04-30,11868.730442,11432.448293,431.586184,0.041982,"BIL,IGOV,VBK,VBR,VEA,VTV,VWO",7,0.124685,0.166667,0.166667,0.166667,,0.166667,0.166667,,,,,,,,0.008677,0.008677,2003
2003-05-31,12631.577868,12167.254243,431.586184,0.039737,"BIL,IAU,IGOV,VBK,VBR,VTV,VWO",7,0.119291,,0.169022,0.166601,0.166667,0.168507,0.170176,,,,,,,,0.064274,0.064274,2003
2003-06-30,12919.094968,12444.202515,431.586184,0.000000,"IAU,VBK,VBR,VEA,VTV,VWO",6,,0.155279,0.167475,0.172476,0.167200,0.167622,0.169949,,,,,,,,0.022762,0.022762,2003
2003-07-31,13474.995152,12979.668388,431.586184,0.000000,"IAU,VBK,VBR,VEA,VTV,VWO",6,,0.153602,0.162124,0.176984,0.166192,0.167918,0.173180,,,,,,,,0.043029,0.043029,2003
2003-08-31,14230.677867,13707.572995,431.586184,0.000000,"IAU,VBK,VBR,VEA,VTV,VWO",6,,0.149094,0.156096,0.178238,0.178084,0.164366,0.174122,,,,,,,,0.056080,0.056080,2003
2003-09-30,14350.951166,13823.425174,431.586184,0.000000,"IAU,VBK,VBR,VEA,VTV,VWO",6,,0.151956,0.154149,0.178152,0.185414,0.162183,0.168146,,,,,,,,0.008452,0.008452,2003
2003-10-31,15493.949033,14924.407631,431.586184,0.000000,"GSG,IAU,VBK,VBR,VEA,VWO",6,,0.149885,,0.180011,0.189178,0.160820,0.169913,0.150193,,,,,,,0.079646,0.079646,2003
2003-11-30,16095.374785,15503.725600,431.586184,0.000000,"GSG,IAU,VBK,VBR,VEA,VWO",6,,0.147364,,0.175168,0.202187,0.160848,0.169540,0.144894,,,,,,,0.038817,0.038817,2003
2003-12-31,16717.035683,15839.072729,695.048347,0.000000,"IAU,VBK,VBR,VEA,VTV,VWO",6,,0.154327,0.144766,0.182270,0.197687,0.161768,0.164745,,,,,,,,0.038624,0.021630,2003
2004-01-31,16885.636471,15998.999038,695.048347,0.000000,"IAU,VBK,VBR,VEA,VTV,VWO",6,,0.155225,0.145588,0.186082,0.182688,0.164472,0.171452,,,,,,,,0.010086,0.010097,2004
2004-02-29,17277.187613,16371.833262,695.048347,0.000000,"IAU,VBK,VBR,VEA,VTV,VWO",6,,0.155479,0.145007,0.189434,0.182614,0.164813,0.168035,,,,,,,,0.023188,0.023304,2004
2004-03-31,17398.406862,16487.009117,695.048347,0.000000,"GSG,IAU,VBK,VBR,VEA,VWO",6,,0.155089,,0.188849,0.185048,0.166502,0.167829,0.136681,,,,,,,0.007016,0.007035,2004
2004-04-30,16074.062898,15230.532414,695.048347,0.000000,"GSG,VBK,VBR,VEA,VTV,VWO",6,,0.162604,0.165674,0.188273,,0.170282,0.174340,0.138828,,,,,,,-0.076119,-0.076210,2004
2004-05-31,16268.192171,15413.000544,695.048347,0.000000,"GSG,VBK,VBR,VEA,VTV,VWO",6,,0.161425,0.165275,0.184463,,0.171159,0.176029,0.141648,,,,,,,0.012077,0.011980,2004
2004-06-30,16515.334379,15651.541180,695.048347,0.181496,"BIL,GSG,VBK,VBR,VEA,VTV",6,,0.162781,0.167121,,,0.176957,0.178700,0.132945,,,,,,,0.015192,0.015477,2004
2004-07-31,16131.014577,15283.604008,695.048347,0.355385,"BIL,GSG,VBR,VEA,VTV",5,,0.161138,0.168769,,,0.174797,,0.139911,,,,,,,-0.023270,-0.023508,2004
2004-08-31,16352.979671,15494.469353,695.048347,0.190691,"BIL,GSG,VBR,VEA,VTV,VWO",6,,0.160131,0.168989,0.166667,,0.174865,,0.138657,,,,,,,0.013760,0.013797,2004
2004-09-30,16861.129804,15972.988700,695.048347,0.018610,"BIL,GSG,IAU,VBR,VEA,VTV,VWO",7,,0.159936,0.165781,0.170761,0.166667,0.175350,,0.142895,,,,,,,0.031074,0.030883,2004
2004-10-31,17224.429678,16316.563595,695.048347,0.018372,"BIL,GSG,IAU,VBR,VEA,VTV,VWO",7,,0.161637,0.164611,0.171016,0.166322,0.174255,,0.143786,,,,,,,0.021547,0.021510,2004
2004-11-30,18360.973674,17396.682983,695.048347,0.000000,"IAU,VBK,VBR,VEA,VTV,VWO",6,,0.162562,0.161543,0.176712,0.172422,0.176639,0.150123,,,,,,,,0.065984,0.066198,2004
2004-12-31,18893.748559,17180.385894,1416.031724,0.000000,"IAU,VBK,VBR,VEA,VTV,VWO",6,,0.166224,0.164551,0.184089,0.166266,0.176843,0.156075,,,,,,,,0.029017,-0.012433,2004
2005-01-31,18442.084699,16764.757021,1416.031724,0.000000,"IAU,VBK,VBR,VEA,VTV,VWO",6,,0.167506,0.165313,0.188396,0.164241,0.174481,0.154459,,,,,,,,-0.023905,-0.024192,2005
2005-02-28,19203.365298,17468.060828,1416.031724,0.000000,"IAU,VBK,VBR,VEA,VTV,VWO",6,,0.168288,0.163812,0.196844,0.162482,0.171316,0.151075,,,,,,,,0.041280,0.041951,2005
2005-03-31,18623.314992,16932.697812,1416.031724,0.000000,"GSG,IAU,VBR,VEA,VTV,VWO",6,,0.168522,0.166264,0.189454,0.164923,0.173418,,0.137419,,,,,,,-0.030206,-0.030648,2005
2005-04-30,18213.726837,16566.851646,1416.031724,0.000000,"IAU,IGOV,VBR,VEA,VTV,VWO",6,0.134591,0.168686,0.167605,0.188046,0.170652,0.170420,,,,,,,,,-0.021993,-0.021606,2005
2005-05-31,18469.787665,16798.132148,1416.031724,0.000000,"IGOV,VBK,VBR,VEA,VTV,VWO",6,0.134136,0.166499,0.168784,0.191741,,0.177138,0.161702,,,,,,,,0.014059,0.013960,2005
2005-06-30,18886.440154,17180.646753,1416.031724,0.000000,"GSG,IAU,VBK,VBR,VTV,VWO",6,,,0.166653,0.193617,0.166667,0.179904,0.163049,0.130110,,,,,,,0.022559,0.022771,2005
2005-07-31,19636.762744,17869.017727,1416.031724,0.000000,"GSG,VBK,VBR,VEA,VTV,VWO",6,,0.157959,0.165027,0.198938,,0.182834,0.167419,0.127822,,,,,,,0.039728,0.040067,2005
2005-08-31,19893.997074,18085.899971,1416.031724,0.000000,"GSG,IAU,VBK,VBR,VEA,VWO",6,,0.160520,,0.198458,0.162456,0.176793,0.163368,0.138404,,,,,,,0.013100,0.012137,2005
2005-09-30,20742.109970,18862.826070,1416.031724,0.000000,"GSG,IAU,VBK,VBR,VEA,VWO",6,,0.161183,,0.206731,0.167609,0.170433,0.158011,0.136032,,,,,,,0.042632,0.042958,2005
2005-10-31,19878.677866,18085.646684,1416.031724,0.000000,"IAU,VBK,VBR,VEA,VTV,VWO",6,,0.162449,0.130878,0.201439,0.173689,0.172465,0.159079,,,,,,,,-0.041627,-0.041202,2005
2005-11-30,20871.792281,18994.591204,1416.031724,0.000000,"IAU,VBK,VBR,VEA,VTV,VWO",6,,0.158803,0.128952,0.207112,0.175000,0.170396,0.159736,,,,,,,,0.049959,0.050258,2005
2005-12-31,21500.805795,19136.916250,1852.168735,0.000000,"IAU,VBK,VBR,VEA,VTV,VWO",6,,0.163676,0.127829,0.214177,0.180581,0.164651,0.156696,,,,,,,,0.030137,0.007493,2005
2006-01-31,23258.089748,20725.009720,1852.168735,0.000000,"IAU,VBK,VBR,VEA,VNQ,VWO",6,,0.161513,,0.220476,0.183296,0.162789,0.157106,,0.114820,,,,,,0.081731,0.082986,2006
2006-02-28,23158.802404,20627.792627,1852.168735,0.000000,"IAU,VBK,VBR,VEA,VNQ,VWO",6,,0.161104,,0.218286,0.182113,0.163766,0.157227,,0.117505,,,,,,-0.004269,-0.004691,2006
2006-03-31,23934.706223,21314.257123,1852.168735,0.000000,"IAU,VBK,VBR,VEA,VNQ,VWO",6,,0.160858,,0.213877,0.182629,0.164168,0.159373,,0.119094,,,,,,0.033504,0.033279,2006
2006-04-30,24890.609521,22198.548523,1852.168735,0.000000,"IAU,VBK,VBR,VEA,VNQ,VWO",6,,0.162361,,0.219977,0.196451,0.157726,0.153025,,0.110461,,,,,,0.039938,0.041488,2006
2006-05-31,23616.102412,21053.260324,1852.168735,0.000000,"IAU,VBK,VEA,VNQ,VTV,VWO",6,,0.163582,0.159930,0.207034,0.204401,,0.151725,,0.113328,,,,,,-0.051204,-0.051593,2006
2006-06-30,23521.142165,20946.519086,1852.168735,0.000000,"IAU,VBR,VEA,VNQ,VTV,VWO",6,,0.163787,0.161866,0.207679,0.195847,0.151279,,,0.119543,,,,,,-0.004021,-0.005070,2006
2006-07-31,23938.106029,21309.202688,1852.168735,0.000000,"GSG,IAU,VEA,VNQ,VTV,VWO",6,,0.162853,0.163391,0.206565,0.198581,,,0.146528,0.122081,,,,,,0.017727,0.017315,2006
2006-08-31,24175.445136,21507.694782,1852.168735,0.000000,"IAU,VBR,VEA,VNQ,VTV,VWO",6,,0.165433,0.164643,0.208856,0.194039,0.141861,,,0.125169,,,,,,0.009915,0.009315,2006
2006-09-30,24189.399735,21509.534547,1852.168735,0.000000,"IAU,VBR,VEA,VNQ,VTV,VWO",6,,0.165827,0.168075,0.210337,0.185238,0.143102,,,0.127422,,,,,,0.000577,0.000086,2006
2006-10-31,25147.124653,22351.627516,1852.168735,0.013901,"BIL,QQQ,VBR,VEA,VNQ,VTV,VWO",7,,0.165962,0.166889,0.212028,,0.144342,,,0.130211,0.166667,,,,,0.039593,0.039150,2006
2006-11-30,26203.692444,23286.612682,1852.168735,0.012284,"BIL,IAU,VBR,VEA,VNQ,VTV,VWO",7,,0.165237,0.163439,0.218651,0.166667,0.142763,,,0.130959,,,,,,0.042015,0.041831,2006
2006-12-31,26538.269246,22728.612482,2720.234730,0.012370,"BIL,IAU,VBR,VEA,VNQ,VTV,VWO",7,,0.169542,0.167944,0.224750,0.165141,0.144422,,,0.128599,,,,,,0.012768,-0.023962,2006
2007-01-31,27103.666795,23190.150658,2720.234730,0.000000,"QQQ,VBR,VEA,VNQ,VTV,VWO",6,,0.167766,0.166150,0.219007,,0.144370,,,0.137105,0.165602,,,,,0.021305,0.020306,2007
2007-02-28,26746.349217,22890.574118,2720.234730,0.000000,"IAU,VBR,VEA,VNQ,VTV,VWO",6,,0.170057,0.165564,0.219022,0.164952,0.145418,,,0.134986,,,,,,-0.013183,-0.012918,2007
2007-03-31,27072.179050,23185.118178,2720.234730,0.000000,"IAU,VBK,VEA,VNQ,VTV,VWO",6,,0.172600,0.166116,0.225136,0.161044,,0.144425,,0.130678,,,,,,0.012182,0.012867,2007
2007-04-30,27907.207589,23914.633691,2720.234730,0.000000,"QQQ,VBK,VEA,VNQ,VTV,VWO",6,,0.173901,0.167754,0.227510,,,0.144966,,0.126532,0.159337,,,,,0.030845,0.031465,2007
2007-05-31,28920.589727,24800.978920,2720.234730,0.000000,"QQQ,VBK,VBR,VEA,VTV,VWO",6,,0.172874,0.167701,0.232448,,0.121548,0.146939,,,0.158490,,,,,0.036313,0.037063,2007
2007-06-30,29040.184200,24915.092500,2720.234730,0.000000,"QQQ,VBK,VBR,VEA,VTV,VWO",6,,0.173132,0.163397,0.241774,,0.117959,0.145219,,,0.158519,,,,,0.004135,0.004601,2007
2007-07-31,28614.040795,24569.224414,2720.234730,0.102579,"BIL,IGOV,QQQ,VBK,VEA,VWO",6,0.166667,0.173705,,0.255715,,,0.140820,,,0.160514,,,,,-0.014674,-0.013882,2007
2007-08-31,28799.193431,24723.213600,2720.234730,0.000000,"IGOV,QQQ,VBK,VEA,VTV,VWO",6,0.167851,0.171389,0.103308,0.251739,,,0.141702,,,0.164012,,,,,0.006471,0.006268,2007
2007-09-30,30397.773136,26105.241868,2720.234730,0.000000,"GSG,IAU,QQQ,VBK,VEA,VWO",6,,0.172674,,0.264050,0.166667,,0.138598,0.094525,,0.163486,,,,,0.055508,0.055900,2007
2007-10-31,32675.684210,28070.078011,2720.234730,0.000000,"GSG,IAU,QQQ,VBK,VEA,VWO",6,,0.170065,,0.275785,0.165775,,0.133792,0.091833,,0.162749,,,,,0.074937,0.075266,2007
2007-11-30,30987.927004,26599.712579,2720.234730,0.000000,"GSG,IAU,IGOV,QQQ,VEA,VWO",6,0.131509,0.171268,,0.267767,0.172046,,,0.097275,,0.160135,,,,,-0.051652,-0.052382,2007
2007-12-31,31295.531297,26336.307815,3237.586420,0.000000,"GSG,IAU,IGOV,QQQ,VEA,VWO",6,0.132136,0.166633,,0.264227,0.183474,,,0.100324,,0.159708,,,,,0.009927,-0.009903,2007
2008-01-31,30332.338315,25492.448860,3237.586420,0.538820,"BIL,GSG,IAU,IGOV",4,0.138816,,,,0.210098,,,0.112266,,,,,,,-0.030777,-0.032042,2008
2008-02-29,31224.027090,26207.384996,3237.586420,0.358448,"BIL,GSG,IAU,IGOV,VWO",5,0.135285,,,0.166667,0.215054,,,0.124547,,,,,,,0.029397,0.028045,2008
2008-03-31,30332.716481,25480.055871,3237.586420,0.534690,"BIL,GSG,IAU,IGOV",4,0.139559,,,,0.207923,,,0.117828,,,,,,,-0.028546,-0.027753,2008
2008-04-30,30083.213525,25262.064855,3237.586420,0.204346,"BIL,GSG,IAU,IGOV,VEA,VWO",6,0.140340,0.166667,,0.166667,0.200996,,,0.120986,,,,,,,-0.008226,-0.008555,2008
2008-05-31,30325.190131,25457.004484,3237.586420,0.035744,"BIL,GSG,IAU,IGOV,QQQ,VBK,VWO",7,0.138169,,,0.168435,0.201298,,0.166667,0.123020,,0.166667,,,,,0.008044,0.007717,2008
2008-06-30,29619.100903,24841.257711,3237.586420,0.505637,"BIL,GSG,IAU,IGOV",4,0.141586,,,,0.215605,,,0.137172,,,,,,,-0.023284,-0.024188,2008
2008-07-31,28969.364158,24334.954746,3237.586420,0.516160,"BIL,GSG,IAU,IGOV",4,0.144532,,,,0.216913,,,0.122396,,,,,,,-0.021936,-0.020382,2008
2008-08-31,28258.087036,23752.367137,3237.586420,0.350887,"BIL,IGOV,VBK,VBR,VNQ",5,0.149113,,,,,0.166667,0.166667,,0.166667,,,,,,-0.024553,-0.023940,2008
2008-09-30,27232.065180,22889.943301,3237.586420,0.826606,"BIL,VNQ",2,,,,,,,,,0.173394,,,,,,-0.036309,-0.036309,2008
2008-10-31,25163.506657,21151.214086,3237.586420,1.000000,BIL,1,,,,,,,,,,,,,,,-0.075960,-0.075960,2008
2008-11-30,26079.665806,21921.292699,3237.586420,0.833333,"BIL,IGOV",2,0.166667,,,,,,,,,,,,,,0.036408,0.036408,2008
2008-12-31,26946.214782,21739.111924,4148.145920,0.675199,"BIL,IAU,IGOV",3,0.166667,,,,0.167830,,,,,,,,,,0.033227,-0.008311,2008
2009-01-31,27038.441840,21813.625305,4148.145920,0.668206,"BIL,IAU,IGOV",3,0.164940,,,,0.176517,,,,,,,,,,0.003423,0.003428,2009
2009-02-28,27012.616221,21792.396837,4148.145920,0.666027,"BIL,IAU,IGOV",3,0.164403,,,,0.179243,,,,,,,,,,-0.000955,-0.000973,2009
2009-03-31,27219.363592,21961.220596,4148.145920,0.670691,"BIL,IAU,IGOV",3,0.165554,,,,0.173353,,,,,,,,,,0.007654,0.007747,2009
2009-04-30,27143.527494,21899.823332,4148.145920,0.332013,"BIL,IAU,IGOV,QQQ,VWO",5,0.166611,,,0.166667,0.168043,,,,,0.166667,,,,,-0.002786,-0.002796,2009
2009-05-31,28693.754526,23152.940838,4148.145920,0.000000,"IAU,IGOV,QQQ,VBK,VEA,VWO",6,0.158931,0.166667,,0.186442,0.175212,,0.150044,,,0.162705,,,,,0.057112,0.057220,2009
2009-06-30,28517.326888,23008.515437,4148.145920,0.000445,"BIL,IGOV,QQQ,VBK,VBR,VEA,VWO",7,0.160791,0.165497,,0.183394,,0.166667,0.154649,,,0.168558,,,,,-0.006149,-0.006238,2009
2009-07-31,30950.684499,24971.414585,4148.145920,0.000000,"QQQ,VBK,VBR,VEA,VTV,VWO",6,,0.167673,0.150683,0.188495,,0.169902,0.154833,,,0.168415,,,,,0.085329,0.085312,2009
2009-08-31,31864.909103,25709.854165,4148.145920,0.000000,"QQQ,VBK,VBR,VEA,VNQ,VWO",6,,0.168558,,0.181932,,0.175120,0.154586,,0.153822,0.165982,,,,,0.029538,0.029571,2009
2009-09-30,33964.768164,27403.731331,4148.145920,0.000000,"QQQ,VBK,VBR,VEA,VNQ,VWO",6,,0.166279,,0.186546,,0.173363,0.155410,,0.153885,0.164517,,,,,0.065899,0.065884,2009
2009-10-31,32617.006671,26316.709706,4148.145920,0.000000,"GSG,IAU,QQQ,VEA,VNQ,VWO",6,,0.169394,,0.191606,0.166667,,,0.153163,0.153089,0.166081,,,,,-0.039681,-0.039667,2009
2009-11-30,34850.424731,28118.806658,4148.145920,0.000000,"IAU,QQQ,VBK,VEA,VNQ,VWO",6,,0.164657,,0.189906,0.175930,,0.151518,,0.152685,0.165304,,,,,0.068474,0.068477,2009
2009-12-31,35896.279627,28004.940301,5105.673939,0.000000,"QQQ,VBK,VBR,VEA,VNQ,VWO",6,,0.164130,,0.192110,,0.161766,0.163052,,0.161535,0.168852,,,,,0.030010,-0.004049,2009
2010-01-31,33451.899938,26078.196520,5105.673939,0.000000,"QQQ,VBK,VBR,VNQ,VTV,VWO",6,,,0.150015,0.186063,,0.165363,0.165071,,0.163893,0.169595,,,,,-0.068096,-0.068800,2010
2010-02-28,34796.783251,27132.332553,5105.673939,0.000000,"QQQ,VBK,VBR,VNQ,VTV,VWO",6,,,0.147958,0.182207,,0.166908,0.166095,,0.166320,0.170511,,,,,0.040203,0.040422,2010
2010-03-31,37617.339686,29338.851032,5105.673939,0.000000,"QQQ,VBK,VBR,VNQ,VTV,VWO",6,,,0.145254,0.182294,,0.167006,0.166120,,0.169477,0.169849,,,,,0.081058,0.081324,2010
2010-04-30,38985.519840,30416.833096,5105.673939,0.000000,"QQQ,VBK,VBR,VNQ,VTV,VWO",6,,,0.142605,0.175458,,0.171125,0.168158,,0.175159,0.167495,,,,,0.036371,0.036742,2010
2010-05-31,36053.779980,28131.277230,5105.673939,0.000000,"IAU,QQQ,VBK,VBR,VGLT,VNQ",6,,,,,0.166667,0.170315,0.168156,,0.179287,0.167724,0.147851,,,,-0.075201,-0.075141,2010
2010-06-30,34853.436327,27165.009498,5105.673939,0.153382,"BIL,IAU,VCIT,VGIT,VGLT,VNQ",6,,,,,0.176674,,,,0.176023,,0.160587,0.166667,0.166667,,-0.033293,-0.034349,2010
2010-07-31,35313.064969,27531.336736,5105.673939,0.000000,"VBK,VBR,VCIT,VGLT,VNQ,VWO",6,,,,0.166667,,0.166667,0.149368,,0.190343,,0.158433,,0.168523,,0.013187,0.013485,2010
2010-08-31,34867.359326,27153.815838,5105.673939,0.000000,"IAU,VCIT,VGIT,VGLT,VNQ,VWO",6,,,,0.164665,0.166667,,,,0.190527,,0.171482,0.132489,0.174170,,-0.012622,-0.013712,2010
2010-09-30,36059.139926,28092.293651,5105.673939,0.000000,"IAU,QQQ,VBK,VGLT,VNQ,VWO",6,,,,0.177344,0.168745,,0.132031,,0.192348,0.166667,0.162866,,,,0.034180,0.034562,2010
2010-10-31,37211.988786,29011.367662,5105.673939,0.000000,"IAU,QQQ,VBK,VBR,VNQ,VWO",6,,,,0.177052,0.169527,0.152898,0.133821,,0.195088,0.171615,,,,,0.031971,0.032716,2010
2010-11-30,37335.126403,29105.960335,5105.673939,0.000000,"IAU,QQQ,VBK,VBR,VNQ,VWO",6,,,,0.171468,0.172539,0.155875,0.138518,,0.190854,0.170746,,,,,0.003309,0.003261,2010
2010-12-31,39470.742799,29739.477080,6134.799339,0.000656,"BIL,QQQ,VBK,VBR,VNQ,VTV,VWO",7,,,0.170117,0.175595,,0.161658,0.143670,,0.188731,0.171154,,,,,0.057201,0.021766,2010
2011-01-31,39935.793266,30097.541185,6134.799339,0.000000,"GSG,QQQ,VBK,VBR,VNQ,VTV",6,,,0.172884,,,0.160690,0.143234,0.156743,0.192548,0.173900,,,,,0.011782,0.012040,2011
2011-02-28,41605.841251,31365.481961,6134.799339,0.000000,"GSG,QQQ,VBK,VBR,VNQ,VTV",6,,,0.172579,,,0.161439,0.145997,0.154385,0.193458,0.172141,,,,,0.041818,0.042128,2011
2011-03-31,41967.929254,31631.130162,6134.799339,0.004404,"BIL,GSG,IAU,QQQ,VBK,VBR,VNQ",7,,,,,0.166667,0.162443,0.149386,0.158433,0.188733,0.169934,,,,,0.008703,0.008469,2011
2011-04-30,43903.873068,33088.682401,6134.799339,0.004658,"BIL,GSG,IAU,VBK,VBR,VEA,VNQ",7,,0.166667,,,0.173530,0.158917,0.147538,0.157902,0.190787,,,,,,0.046129,0.046080,2011
2011-05-31,42918.327192,32369.966303,6134.799339,0.000000,"IAU,VBK,VEA,VNQ,VTV,VWO",6,,0.165766,0.147438,0.166667,0.174130,,0.148294,,0.197704,,,,,,-0.022448,-0.021721,2011
2011-06-30,42044.790969,31710.070453,6134.799339,0.008708,"BIL,QQQ,VBK,VBR,VEA,VNQ,VTV",7,,0.167153,0.147322,,,0.166667,0.148324,,0.195160,0.166667,,,,,-0.020353,-0.020386,2011
2011-07-31,41424.998096,31246.799706,6134.799339,0.000000,"IAU,QQQ,VBK,VCIT,VGLT,VNQ",6,,,,,0.166667,,0.144688,,0.201151,0.171954,0.148874,,0.166667,,-0.014741,-0.014610,2011
2011-08-31,41598.148794,31316.614835,6134.799339,0.150934,"BIL,IAU,IGOV,VCIT,VGIT,VGLT",6,0.166667,,,,0.186728,,,,,,0.161550,0.166667,0.167454,,0.004180,0.002234,2011
2011-09-30,41085.274282,30890.159911,6134.799339,0.152985,"BIL,IAU,IGOV,VCIT,VGIT,VGLT",6,0.161400,,,,0.168166,,,,,,0.180084,0.169878,0.167487,,-0.012329,-0.013618,2011
2011-10-31,41332.869118,31093.246670,6134.799339,0.000000,"IAU,QQQ,VCIT,VGIT,VGLT,VNQ",6,,,,,0.176988,,,,0.146555,0.166667,0.172215,0.167940,0.169634,,0.006026,0.006574,2011
2011-11-30,41155.644480,30936.838522,6134.799339,0.141697,"BIL,IAU,QQQ,VCIT,VGIT,VGLT",6,,,,,0.180959,,,,,0.163000,0.176833,0.169858,0.167653,,-0.004288,-0.005030,2011
2011-12-31,40784.912685,29373.297582,7406.213904,0.139785,"BIL,VCIT,VGIT,VGLT,VNQ,VTV",6,,,0.170528,,,,,,0.169857,,0.185008,0.175727,0.173579,,-0.009008,-0.050540,2011
2012-01-31,41695.145493,30038.932538,7406.213904,0.000000,"IAU,QQQ,VCIT,VGIT,VGLT,VNQ",6,,,,,0.128360,,,,0.176689,0.166667,0.181272,0.172887,0.174126,,0.022318,0.022661,2012
2012-02-29,41739.570818,30071.776519,7406.213904,0.000000,"QQQ,VBK,VBR,VGLT,VNQ,VTV",6,,,0.137642,,,0.166667,0.166667,,0.174465,0.177156,0.177404,,,,0.001065,0.001093,2012
2012-03-31,42620.916715,30734.712392,7406.213904,0.000000,"QQQ,VBK,VBR,VNQ,VTV,VWO",6,,,0.138492,0.166107,,0.167008,0.166738,,0.179562,0.182094,,,,,0.021115,0.022045,2012
2012-04-30,42403.917691,30578.986173,7406.213904,0.000000,"QQQ,VCIT,VGIT,VGLT,VNQ,VTV",6,,,0.137918,,,,,,0.185637,0.180881,0.162232,0.166667,0.166667,,-0.005091,-0.005067,2012
2012-05-31,41858.990867,30155.581993,7406.213904,0.000000,"QQQ,VCIT,VGIT,VGLT,VNQ,VTV",6,,,0.131583,,,,,,0.179761,0.170507,0.177474,0.170986,0.169689,,-0.012851,-0.013846,2012
2012-06-30,42699.265830,30780.815265,7406.213904,0.000000,"QQQ,VCIT,VGIT,VGLT,VNQ,VTV",6,,,0.135081,,,,,,0.185834,0.173089,0.171245,0.167291,0.167461,,0.020074,0.020734,2012
2012-07-31,43455.351294,31326.551971,7406.213904,0.000000,"QQQ,VCIT,VGIT,VGLT,VNQ,VTV",6,,,0.134293,,,,,,0.186252,0.171770,0.173557,0.165693,0.168435,,0.017707,0.017730,2012
2012-08-31,43904.002381,31654.986304,7406.213904,0.000000,"QQQ,VBK,VBR,VGLT,VNQ,VTV",6,,,0.134872,,,0.166667,0.165099,,0.184292,0.178802,0.170269,,,,0.010324,0.010484,2012
2012-09-30,44239.475780,31904.160670,7406.213904,0.000000,"IAU,QQQ,VBK,VBR,VNQ,VTV",6,,,0.137695,,0.165741,0.169999,0.168134,,0.179449,0.178982,,,,,0.007641,0.007872,2012
2012-10-31,43280.092538,31212.656436,7406.213904,0.019460,"BIL,IGOV,VBK,VBR,VCIT,VEA,VTV",7,0.166667,0.166667,0.140194,,,0.172557,0.167789,,,,,,0.166667,,-0.021686,-0.021674,2012
2012-11-30,43582.191488,31427.666264,7406.213904,0.015837,"BIL,QQQ,VBK,VBR,VEA,VTV,VWO",7,,0.170010,0.138212,0.166667,,0.173105,0.169504,,,0.166667,,,,,0.006980,0.006889,2012
2012-12-31,44945.666909,31355.650956,8465.853398,0.009744,"BIL,VBK,VBR,VEA,VNQ,VTV,VWO",7,,0.174173,0.136839,0.175992,,0.174243,0.170329,,0.170011,,,,,,0.031285,-0.002291,2012
2013-01-31,46863.927210,32719.291291,8465.853398,0.009338,"BIL,VBK,VBR,VEA,VNQ,VTV,VWO",7,,0.173310,0.139477,0.168771,,0.177760,0.173186,,0.169017,,,,,,0.042680,0.043489,2013
2013-02-28,46968.890816,32794.916077,8465.853398,0.009316,"BIL,VBK,VBR,VEA,VNQ,VTV,VWO",7,,0.170925,0.140980,0.164395,,0.180217,0.174323,,0.170677,,,,,,0.002240,0.002311,2013
2013-03-31,48226.136330,33687.765140,8465.853398,0.000000,"QQQ,VBK,VBR,VEA,VNQ,VTV",6,,0.168372,0.142790,,,0.183435,0.177951,,0.170919,0.156533,,,,,0.026768,0.027225,2013
2013-04-30,49510.242741,34593.474605,8465.853398,0.000000,"QQQ,VBK,VBR,VEA,VNQ,VTV",6,,0.172515,0.142128,,,0.178784,0.172616,,0.177654,0.156303,,,,,0.026627,0.026885,2013
2013-05-31,49860.095145,34824.389163,8465.853398,0.000000,"QQQ,VBK,VBR,VEA,VNQ,VTV",6,,0.166275,0.144833,,,0.183128,0.179017,,0.165927,0.160821,,,,,0.007066,0.006675,2013
2013-06-30,48999.823754,34224.776011,8465.853398,0.000000,"QQQ,VBK,VBR,VEA,VNQ,VTV",6,,0.164502,0.145866,,,0.183963,0.180453,,0.165495,0.159721,,,,,-0.017254,-0.017218,2013
2013-07-31,51588.924100,36032.766709,8465.853398,0.000000,"GSG,QQQ,VBK,VBR,VEA,VTV",6,,0.164368,0.146006,,,0.186694,0.183037,0.158609,,0.161285,,,,,0.052839,0.052827,2013
2013-08-31,50834.157729,35492.230688,8465.853398,0.000000,"GSG,QQQ,VBK,VBR,VEA,VTV",6,,0.164198,0.142779,,,0.181632,0.182275,0.166022,,0.163093,,,,,-0.014630,-0.015001,2013
2013-09-30,52825.064689,36879.295495,8465.853398,0.000000,"IGOV,QQQ,VBK,VBR,VEA,VTV",6,0.154206,0.170427,0.140556,,,0.184061,0.186205,,,0.164545,,,,,0.039165,0.039081,2013
2013-10-31,54618.873096,38130.276595,8465.853398,0.000000,"QQQ,VBK,VBR,VEA,VTV,VWO",6,,0.170125,0.142178,0.151199,,0.185006,0.184558,,,0.166934,,,,,0.033958,0.033921,2013
2013-11-30,55719.111134,38895.767357,8465.853398,0.000000,"QQQ,VBK,VBR,VEA,VTV,VWO",6,,0.167879,0.143810,0.146860,,0.186683,0.185205,,,0.169563,,,,,0.020144,0.020076,2013
2013-12-31,56865.332367,39431.261269,8727.708935,0.000000,"QQQ,VBK,VBR,VEA,VTV,VWO",6,,0.168108,0.143871,0.144083,,0.188130,0.186413,,,0.171616,,,,,0.020571,0.013767,2013
2014-01-31,54783.979367,37976.898900,8727.708935,0.000000,"QQQ,VBK,VBR,VCIT,VEA,VTV",6,,0.165458,0.143866,,,0.189898,0.191336,,,0.174765,,,0.134677,,-0.036601,-0.036883,2014
2014-02-28,57274.803713,39703.904324,8727.708935,0.000000,"QQQ,VBK,VBR,VEA,VNQ,VTV",6,,0.167675,0.143070,,,0.190656,0.192414,,0.130413,0.175772,,,,,0.045466,0.045475,2014
2014-03-31,57087.304698,39594.222243,8727.708935,0.000000,"QQQ,VBK,VBR,VEA,VNQ,VTV",6,,0.167525,0.147318,,,0.193694,0.188601,,0.131417,0.171445,,,,,-0.003274,-0.002763,2014
2014-04-30,56991.327592,39529.795113,8727.708935,0.015125,"BIL,QQQ,SPMO,VBR,VEA,VNQ,VTV",7,,0.170441,0.148824,,,0.191812,,,0.135955,0.171176,,,,0.166667,-0.001681,-0.001627,2014
2014-05-31,58488.339063,40554.791456,8727.708935,0.014743,"BIL,QQQ,SPMO,VBR,VEA,VNQ,VTV",7,,0.169065,0.147070,,,0.190027,,,0.135699,0.174334,,,,0.169062,0.026267,0.025930,2014
2014-06-30,59856.484024,41498.893674,8727.708935,0.014680,"BIL,QQQ,SPMO,VBK,VBR,VNQ,VTV",7,,,0.146485,,,0.193728,0.166667,,0.134115,0.175690,,,,0.168636,0.023392,0.023280,2014
2014-07-31,58716.179755,40696.586694,8727.708935,0.030778,"BIL,QQQ,SPMO,VEA,VNQ,VTV,VWO",7,,0.166667,0.147583,0.166667,,,,,0.136868,0.181271,,,,0.170167,-0.019051,-0.019333,2014
2014-08-31,60671.166580,42039.656005,8727.708935,0.024903,"BIL,QQQ,SPMO,VBR,VNQ,VTV,VWO",7,,,0.147780,0.167542,,0.166667,,,0.136529,0.184270,,,,0.172309,0.033296,0.033002,2014
2014-09-30,58604.993209,40612.395233,8727.708935,0.016387,"BIL,QQQ,SPMO,VCIT,VGLT,VNQ,VTV",7,,,0.151012,,,,,,0.132793,0.189303,0.166667,,0.166667,0.177171,-0.034055,-0.033950,2014
2014-10-31,60416.327737,41853.026297,8727.708935,0.012382,"BIL,QQQ,SPMO,VBR,VGLT,VNQ,VTV",7,,,0.149171,,,0.166667,,,0.141662,0.188544,0.165709,,,0.175865,0.030908,0.030548,2014
2014-11-30,62127.459204,43025.219994,8727.708935,0.012045,"BIL,QQQ,SPMO,VBR,VGLT,VNQ,VTV",7,,,0.148688,,,0.163909,,,0.140559,0.191746,0.165558,,,0.177496,0.028322,0.028007,2014
2014-12-31,62453.154916,42035.508376,9953.398881,0.012207,"BIL,QQQ,SPMO,VBR,VGLT,VNQ,VTV",7,,,0.148398,,,0.168800,,,0.143698,0.187231,0.172268,,,0.177177,0.005242,-0.023003,2014
2015-01-31,62960.374273,42371.021688,9953.398881,0.000000,"IAU,QQQ,SPMO,VCIT,VGLT,VNQ",6,,,,,0.166667,,,,0.152328,0.181880,0.185693,,0.138873,0.174560,0.008122,0.007982,2015
2015-02-28,62742.650928,42192.333212,9953.398881,0.000000,"QQQ,SPMO,VBR,VGLT,VNQ,VTV",6,,,0.129091,,,0.166667,,,0.147352,0.195839,0.176234,,,0.184818,-0.003458,-0.004217,2015
2015-03-31,62665.568107,42147.206209,9953.398881,0.000000,"QQQ,SPMO,VBK,VBR,VGLT,VNQ",6,,,,,,0.169017,0.127523,,0.150081,0.191421,0.178879,,,0.183080,-0.001229,-0.001070,2015
2015-04-30,61725.308354,41502.870198,9953.398881,0.000000,"QQQ,SPMO,VBK,VBR,VTV,VWO",6,,,0.153253,0.166667,,0.169413,0.128559,,,0.198130,,,,0.183978,-0.015004,-0.015288,2015
2015-05-31,62487.160796,42016.796284,9953.398881,0.000000,"QQQ,SPMO,VBK,VBR,VEA,VTV",6,,0.158778,0.153155,,,0.169635,0.130471,,,0.200107,,,,0.187854,0.012343,0.012383,2015
2015-06-30,61451.647866,41329.302135,9953.398881,0.000000,"QQQ,SPMO,VBK,VBR,VGIT,VTV",6,,,0.152236,,,0.169857,0.132474,,,0.198384,,0.156722,,0.190326,-0.016572,-0.016362,2015
2015-07-31,62593.059161,42083.011700,9953.398881,0.155276,"BIL,QQQ,SPMO,VBK,VBR,VTV",6,,,0.151016,,,0.165237,0.130751,,,0.203711,,,,0.194009,0.018574,0.018237,2015
2015-08-31,59366.988851,39915.340284,9953.398881,0.833333,"BIL,VGIT",2,,,,,,,,,,,,0.166667,,,-0.051540,-0.051509,2015
2015-09-30,59465.265931,39981.416788,9953.398881,0.498259,"BIL,VCIT,VGIT,VGLT",4,,,,,,,,,,,0.166667,0.168408,0.166667,,0.001655,0.001655,2015
2015-10-31,59385.767612,39927.966167,9953.398881,0.165752,"BIL,QQQ,SPMO,VGIT,VNQ,VTV",6,,,0.166667,,,,,,0.166667,0.166667,,0.167582,,0.166667,-0.001337,-0.001337,2015
2015-11-30,59399.559568,39937.239176,9953.398881,0.165942,"BIL,QQQ,SPMO,VCIT,VNQ,VTV",6,,,0.167536,,,,,,0.165585,0.167642,,,0.166667,0.166628,0.000232,0.000232,2015
2015-12-31,59234.192127,38451.336034,11328.117376,0.337888,"BIL,QQQ,SPMO,VGIT,VNQ",5,,,,,,,,,0.170064,0.165440,,0.169184,,0.168924,-0.002784,-0.037206,2015
2016-01-31,58428.559039,37929.169649,11328.117376,0.153564,"BIL,IGOV,SPMO,VCIT,VGIT,VGLT",6,0.166667,,,,,,,,,,0.166667,0.175186,0.166667,0.171250,-0.013601,-0.013580,2016
2016-02-29,59179.615734,38417.464968,11328.117376,0.000000,"IAU,IGOV,SPMO,VCIT,VGIT,VGLT",6,0.169573,,,,0.151612,,,,,,0.169155,0.174262,0.166324,0.169073,0.012854,0.012874,2016
2016-03-31,59746.123314,38786.989623,11328.117376,0.009035,"BIL,IAU,IGOV,QQQ,VGLT,VNQ,VTV",7,0.174623,,0.166667,,0.148790,,,,0.166667,0.166667,0.167551,,,,0.009573,0.009619,2016
2016-04-30,59952.284185,38912.420211,11328.117376,0.003179,"BIL,IAU,IGOV,VBR,VGLT,VNQ,VTV",7,0.176986,,0.168650,,0.155801,0.166667,,,0.162224,,0.166494,,,,0.003451,0.003234,2016
2016-05-31,59653.760128,38729.995933,11328.117376,0.000000,"IGOV,VBR,VCIT,VGLT,VNQ,VTV",6,0.173723,,0.171247,,,0.169802,,,0.166653,,0.168379,,0.150196,,-0.004979,-0.004688,2016
2016-06-30,61655.887268,40028.702736,11328.117376,0.000000,"IAU,IGOV,VCIT,VGLT,VNQ,VTV",6,0.173423,,0.167560,,0.164532,,,,0.172412,,0.172954,,0.149120,,0.033562,0.033532,2016
2016-07-31,63058.415272,40939.708605,11328.117376,0.000000,"IAU,QQQ,VBR,VGLT,VNQ,VWO",6,,,,0.154111,0.164148,0.166667,,,0.175762,0.166667,0.172645,,,,0.022748,0.022759,2016
2016-08-31,62460.674270,40549.812783,11328.117376,0.000000,"QQQ,VBK,VBR,VNQ,VTV,VWO",6,,,0.166223,0.156811,,0.169491,0.166667,,0.170772,0.170036,,,,,-0.009479,-0.009524,2016
2016-09-30,62738.778112,40729.239568,11328.117376,0.000267,"BIL,IAU,QQQ,VBK,VBR,VTV,VWO",7,,,0.164733,0.159324,0.166667,0.169247,0.166728,,,0.173034,,,,,0.004452,0.004425,2016
2016-10-31,61322.243375,39808.978167,11328.117376,0.000000,"IAU,QQQ,VBR,VCIT,VTV,VWO",6,,,0.166700,0.163527,0.165548,0.168106,,,,0.174455,,,0.161665,,-0.022578,-0.022595,2016
2016-11-30,61476.504657,39913.671368,11328.117376,0.000000,"GSG,QQQ,VBK,VBR,VTV,VWO",6,,,0.176233,0.156487,,0.184785,0.141072,0.166667,,0.174756,,,,,0.002516,0.002630,2016
2016-12-31,62723.016996,40504.047828,11548.612414,0.000000,"GSG,QQQ,VBK,VBR,VTV,VWO",6,,,0.177853,0.152509,,0.186469,0.139718,0.172055,,0.173217,,,,,0.020276,0.014791,2016
2017-01-31,64036.304722,41350.698677,11548.612414,0.000000,"GSG,QQQ,VBK,VBR,VTV,VWO",6,,,0.175073,0.157988,,0.183844,0.140537,0.165951,,0.178392,,,,,0.020938,0.020903,2017
2017-02-28,65653.334267,42397.031235,11548.612414,0.000000,"QQQ,VBK,VBR,VEA,VTV,VWO",6,,0.160326,0.176872,0.157550,,0.182914,0.140738,,,0.181601,,,,,0.025252,0.025304,2017
2017-03-31,66365.024289,42853.345459,11548.612414,0.000000,"QQQ,VBK,VBR,VEA,VTV,VWO",6,,0.163468,0.173384,0.160305,,0.179665,0.139869,,,0.183309,,,,,0.010840,0.010763,2017
2017-04-30,67275.341255,43439.621237,11548.612414,0.000000,"QQQ,VBK,VBR,VEA,VTV,VWO",6,,0.164832,0.170990,0.160610,,0.177947,0.139854,,,0.185767,,,,,0.013717,0.013681,2017
2017-05-31,68004.349590,43907.988302,11548.612414,0.000000,"QQQ,VBK,VBR,VEA,VTV,VWO",6,,0.168635,0.169272,0.160473,,0.171824,0.138848,,,0.190948,,,,,0.010836,0.010782,2017
2017-06-30,68548.922098,44260.685997,11548.612414,0.000000,"QQQ,VBK,VBR,VEA,VTV,VWO",6,,0.168359,0.170948,0.160544,,0.174615,0.140496,,,0.185038,,,,,0.008008,0.008033,2017
2017-07-31,70421.610218,45467.572259,11548.612414,0.000000,"QQQ,VBK,VBR,VEA,VTV,VWO",6,,0.168610,0.168978,0.164627,,0.171709,0.138634,,,0.187442,,,,,0.027319,0.027268,2017
2017-08-31,70778.680916,45696.420851,11548.612414,0.001692,"BIL,IGOV,QQQ,VBK,VEA,VTV,VWO",7,0.166667,0.167805,0.167343,0.168715,,,0.137407,,,0.190371,,,,,0.005070,0.005033,2017
2017-09-30,71552.904986,46197.847685,11548.612414,0.000000,"QQQ,VBK,VBR,VEA,VTV,VWO",6,,0.170159,0.170461,0.166063,,0.164385,0.141182,,,0.187750,,,,,0.010939,0.010973,2017
2017-10-31,73236.807755,47284.902671,11548.612414,0.000000,"QQQ,VBK,VBR,VEA,VTV,VWO",6,,0.169196,0.169596,0.166193,,0.161988,0.141144,,,0.191883,,,,,0.023534,0.023530,2017
2017-11-30,74704.757917,48235.774919,11548.612414,0.000000,"QQQ,VBK,VBR,VEA,VTV,VWO",6,,0.167287,0.172108,0.162369,,0.163822,0.142605,,,0.191809,,,,,0.020044,0.020109,2017
2017-12-31,75749.936120,48494.716212,11963.273126,0.000000,"GSG,QQQ,VBK,VEA,VTV,VWO",6,,0.168451,0.173017,0.166329,,,0.141544,0.163214,,0.190306,,,,,0.013991,0.005368,2017
2018-01-31,80186.381131,51339.465617,11963.273126,0.000000,"GSG,QQQ,VBK,VEA,VTV,VWO",6,,0.166672,0.171131,0.170562,,,0.138887,0.159947,,0.195502,,,,,0.058567,0.058661,2018
2018-02-28,77140.756740,49384.833897,11963.273126,0.000000,"GSG,QQQ,VBK,VEA,VTV,VWO",6,,0.164419,0.170011,0.167814,,,0.139779,0.160174,,0.200613,,,,,-0.037982,-0.038073,2018
2018-03-31,76561.511031,49013.598795,11963.273126,0.000000,"GSG,IGOV,QQQ,VBK,VEA,VWO",6,0.164275,0.165006,,0.168720,,,0.142949,0.165156,,0.193894,,,,,-0.007509,-0.007517,2018
2018-04-30,76736.143610,49129.365991,11963.273126,0.000000,"GSG,QQQ,VBK,VEA,VTV,VWO",6,,0.166700,0.159855,0.163665,,,0.142977,0.172387,,0.194416,,,,,0.002281,0.002362,2018
2018-05-31,78016.994187,49953.896345,11963.273126,0.000000,"GSG,QQQ,VBK,VBR,VNQ,VTV",6,,,0.158172,,,0.166667,0.148804,0.172170,0.152134,0.202054,,,,,0.016692,0.016783,2018
2018-06-30,79076.448493,50630.968165,11963.273126,0.000000,"GSG,QQQ,VBK,VBR,VNQ,VTV",6,,,0.156374,,,0.165022,0.148583,0.171980,0.156406,0.201635,,,,,0.013580,0.013554,2018
2018-07-31,80122.726620,51297.096145,11963.273126,0.000000,"GSG,QQQ,VBK,VBR,VNQ,VTV",6,,,0.161523,,,0.166934,0.148072,0.163586,0.155304,0.204582,,,,,0.013231,0.013157,2018
2018-08-31,82923.557401,53092.138558,11963.273126,0.000000,"GSG,QQQ,VBK,VBR,VNQ,VTV",6,,,0.159020,,,0.165184,0.153084,0.159703,0.153917,0.209091,,,,,0.034957,0.034993,2018
2018-09-30,82739.834744,52977.137333,11963.273126,0.000000,"GSG,QQQ,VBK,VBR,VNQ,VTV",6,,,0.160360,,,0.162770,0.151539,0.166199,0.150178,0.208954,,,,,-0.002216,-0.002166,2018
2018-10-31,76734.738257,49126.734032,11963.273126,0.842788,"BIL,VNQ",2,,,,,,,,,0.157212,,,,,,-0.072578,-0.072680,2018
2018-11-30,77423.060468,49564.795418,11963.273126,0.503563,"BIL,VGIT,VNQ,VTV",4,,,0.166667,,,,,,0.163104,,,0.166667,,,0.008970,0.008917,2018
2018-12-31,75570.761028,46366.156280,13981.032028,0.333146,"BIL,IAU,VCIT,VGIT,VGLT",5,,,,,0.167931,,,,,,0.169761,0.174256,0.168929,,-0.023924,-0.064534,2018
2019-01-31,76440.915114,46905.905645,13981.032028,0.149362,"BIL,IAU,VCIT,VGIT,VGLT,VNQ",6,,,,,0.170726,,,,0.166667,,0.168616,0.173011,0.171620,,0.011514,0.011641,2019
2019-02-28,76314.545674,46825.841849,13981.032028,0.000000,"IAU,VBK,VCIT,VGIT,VGLT,VNQ",6,,,,,0.170206,,0.149894,,0.168113,,0.166750,0.172882,0.172156,,-0.001653,-0.001707,2019
2019-03-31,77918.331107,47818.104110,13981.032028,0.003002,"BIL,QQQ,VBK,VCIT,VGLT,VNQ,VTV",7,,,0.166667,,,,0.147318,,0.171553,0.166667,0.172110,,0.172683,,0.021015,0.021190,2019
2019-04-30,79249.265979,48622.521828,13981.032028,0.006257,"BIL,QQQ,VBK,VBR,VNQ,VTV,VWO",7,,,0.169422,0.166667,,0.166667,0.149621,,0.168444,0.172923,,,,,0.017081,0.016822,2019
2019-05-31,74586.957909,45782.065496,13981.032028,0.000000,"IAU,IGOV,VCIT,VGIT,VGLT,VNQ",6,0.166667,,,,0.166667,,,,0.179142,,0.154192,0.166667,0.166667,,-0.058831,-0.058419,2019
2019-06-30,76675.586259,47064.068721,13981.032028,0.000000,"IAU,QQQ,VBK,VGLT,VNQ,VTV",6,,,0.163268,,0.174957,,0.166667,,0.176950,0.166667,0.151492,,,,0.028003,0.028002,2019
2019-07-31,77587.475359,47623.757953,13981.032028,0.000000,"IAU,QQQ,VBK,VCIT,VGLT,VNQ",6,,,,,0.173157,,0.167600,,0.177851,0.168554,0.150150,,0.162687,,0.011893,0.011892,2019
2019-08-31,80151.109635,49197.508177,13981.032028,0.000000,"IAU,IGOV,VCIT,VGIT,VGLT,VNQ",6,0.151799,,,,0.180512,,,,0.178612,,0.160827,0.166667,0.161584,,0.033042,0.033045,2019
2019-09-30,79308.615841,48680.256635,13981.032028,0.000000,"IAU,VCIT,VGIT,VGLT,VNQ,VTV",6,,,0.151195,,0.176666,,,,0.183992,,0.158352,0.167189,0.162607,,-0.010511,-0.010514,2019
2019-10-31,80043.758550,49131.432666,13981.032028,0.000000,"IAU,QQQ,VCIT,VEA,VGLT,VNQ",6,,0.152105,,,0.179513,,,,0.184355,0.166667,0.155175,,0.162185,,0.009269,0.009268,2019
2019-11-30,80038.697543,49128.351227,13981.032028,0.002495,"BIL,QQQ,VBK,VEA,VGLT,VNQ,VTV",7,,0.154159,0.166667,,,,0.166667,,0.181961,0.173460,0.154591,,,,-0.000063,-0.000063,2019
2019-12-31,81320.564749,48958.290120,14937.815021,0.000000,"QQQ,VBK,VBR,VEA,VTV,VWO",6,,0.157684,0.169764,0.165876,,0.168358,0.167502,,,0.177360,,,,,0.016016,-0.003462,2019
2020-01-31,79795.909431,48029.739042,14937.815021,0.000000,"IAU,QQQ,VBK,VCIT,VGLT,VNQ",6,,,,,0.166667,,0.170199,,0.166667,0.186282,0.143519,,0.166667,,-0.018749,-0.018966,2020
2020-02-29,77873.697618,46865.747845,14937.815021,0.000000,"IAU,IGOV,QQQ,VCIT,VGIT,VGLT",6,0.154781,,,,0.169680,,,,,0.179344,0.156790,0.166667,0.172738,,-0.024089,-0.024235,2020
2020-03-31,76725.483470,46169.567785,14937.815021,0.484222,"BIL,IAU,VGIT,VGLT",4,,,,,0.172239,,,,,,0.169377,0.174162,,,-0.014745,-0.014855,2020
2020-04-30,77755.221761,46788.785099,14937.815021,0.144388,"BIL,IAU,QQQ,VCIT,VGIT,VGLT",6,,,,,0.181688,,,,,0.166667,0.168765,0.171826,0.166667,,0.013421,0.013412,2020
2020-05-31,79143.563724,47625.268039,14937.815021,0.000000,"IAU,QQQ,VBK,VCIT,VGIT,VGLT",6,,,,,0.183151,,0.141828,,,0.174548,0.162937,0.169415,0.168121,,0.017855,0.017878,2020
2020-06-30,81060.050413,48779.991903,14937.815021,0.000000,"IAU,QQQ,VBK,VCIT,VGIT,VGLT",6,,,,,0.183791,,0.142569,,,0.181126,0.159632,0.165580,0.167302,,0.024215,0.024246,2020
2020-07-31,85328.231132,51349.522178,14937.815021,0.000000,"IAU,QQQ,VBK,VCIT,VGLT,VWO",6,,,,0.158044,0.193811,,0.143367,,,0.184703,0.157995,,0.162080,,0.052655,0.052676,2020
2020-08-31,87074.650424,52405.340035,14937.815021,0.000000,"IAU,QQQ,VBK,VEA,VTV,VWO",6,,0.166667,0.139143,0.159109,0.189000,,0.145292,,,0.200789,,,,,0.020467,0.020561,2020
2020-09-30,84519.297437,50867.884273,14937.815021,0.000000,"IAU,QQQ,VBK,VCIT,VEA,VWO",6,,0.168635,,0.161969,0.186621,,0.147426,,,0.195187,,,0.140161,,-0.029347,-0.029338,2020
2020-10-31,83692.620128,50370.993795,14937.815021,0.000000,"IAU,QQQ,VBK,VBR,VCIT,VWO",6,,,,0.165723,0.187415,0.164261,0.150162,,,0.191111,,,0.141329,,-0.009781,-0.009768,2020
2020-11-30,90258.164826,54329.534328,14937.815021,0.000000,"QQQ,VBK,VBR,VEA,VTV,VWO",6,,0.166667,0.131622,0.166800,,0.178827,0.159007,,,0.197077,,,,,0.078448,0.078588,2020
2020-12-31,95584.169612,57538.529143,14937.815021,0.000000,"QQQ,VBK,VBR,VEA,VTV,VWO",6,,0.166247,0.128643,0.166959,,0.180332,0.162610,,,0.195209,,,,,0.059009,0.059065,2020
2021-01-31,96607.566775,58156.527828,14937.815021,0.000000,"GSG,QQQ,VBK,VBR,VEA,VWO",6,,0.163296,,0.170361,,0.182054,0.164380,0.126270,,0.193640,,,,,0.010707,0.010741,2021
2021-02-28,100510.083007,60501.232393,14937.815021,0.000000,"GSG,QQQ,VBK,VBR,VEA,VWO",6,,0.160785,,0.166325,,0.190387,0.162736,0.133881,,0.185887,,,,,0.040396,0.040317,2021
2021-03-31,101525.925744,61112.011601,14937.815021,0.000000,"GSG,QQQ,VBK,VBR,VTV,VWO",6,,,0.163585,0.163495,,0.198495,0.157211,0.130030,,0.187184,,,,,0.010107,0.010095,2021
2021-04-30,105978.678172,63789.228937,14937.815021,0.000000,"GSG,QQQ,VBK,VBR,VNQ,VTV",6,,,0.162108,,,0.197789,0.156097,0.134649,0.159432,0.189926,,,,,0.043858,0.043808,2021
2021-05-31,106747.091743,64247.938775,14937.815021,0.003805,"BIL,GSG,VBR,VEA,VNQ,VTV,VWO",7,,0.166667,0.165650,0.166667,,0.200766,,0.136874,0.159571,,,,,,0.007251,0.007191,2021
2021-06-30,107427.904370,64654.650791,14937.815021,0.002332,"BIL,GSG,QQQ,VBK,VBR,VNQ,VTV",7,,,0.162555,,,0.197471,0.166667,0.141556,0.162752,0.166667,,,,,0.006378,0.006330,2021
2021-07-31,108502.558610,65300.416969,14937.815021,0.000000,"GSG,QQQ,VBR,VEA,VNQ,VTV",6,,0.165135,0.162575,,,0.192298,,0.141985,0.168267,0.169740,,,,,0.010003,0.009988,2021
2021-08-31,110338.103481,66407.982109,14937.815021,0.000000,"GSG,QQQ,VBK,VBR,VNQ,VTV",6,,,0.163202,,,0.193033,0.164513,0.136277,0.169025,0.173950,,,,,0.016917,0.016961,2021
2021-09-30,107142.324144,64477.142111,14937.815021,0.162869,"BIL,GSG,QQQ,VBR,VNQ,VTV",6,,,0.161461,,,0.193742,,0.148739,0.164207,0.168981,,,,,-0.028964,-0.029075,2021
2021-10-31,112649.520102,67786.966212,14937.815021,0.000000,"GSG,QQQ,VBK,VBR,VNQ,VTV",6,,,0.161939,,,0.192677,0.154900,0.149784,0.167331,0.173370,,,,,0.051401,0.051333,2021
2021-11-30,108572.245911,65337.540787,14937.815021,0.000000,"GSG,QQQ,VBR,VGLT,VNQ,VTV",6,,,0.162901,,,0.193857,,0.138945,0.169942,0.183461,0.150894,,,,-0.036194,-0.036134,2021
2021-12-31,113635.970956,65559.470454,17756.767204,0.000000,"GSG,QQQ,VBR,VEA,VNQ,VTV",6,,0.145149,0.168684,,,0.194318,,0.143521,0.181365,0.181340,,,,,0.046639,0.003397,2021
2022-01-31,110292.165628,63575.652161,17756.767204,0.491261,"BIL,GSG,VNQ,VTV",4,,,0.172080,,,,,0.165386,0.171273,,,,,,-0.029426,-0.030260,2022
2022-02-28,111029.314555,63992.675639,17756.767204,0.318851,"BIL,GSG,IAU,VBR,VTV",5,,,0.168985,,0.166667,0.166667,,0.178831,,,,,,,0.006684,0.006559,2022
2022-03-31,113973.409395,65695.785119,17756.767204,0.144059,"BIL,GSG,IAU,VBR,VNQ,VTV",6,,,0.170015,,0.164671,0.164991,,0.189598,0.166667,,,,,,0.026516,0.026614,2022
2022-04-30,111667.162211,64359.499914,17756.767204,0.633180,"BIL,GSG,IAU",3,,,,,0.164484,,,0.202335,,,,,,,-0.020235,-0.020341,2022
2022-05-31,112390.171938,64777.100581,17756.767204,0.620757,"BIL,GSG,VTV",3,,,0.166667,,,,,0.212576,,,,,,,0.006475,0.006489,2022
2022-06-30,109118.382440,62890.089120,17756.767204,0.798009,"BIL,GSG",2,,,,,,,,0.201991,,,,,,,-0.029111,-0.029131,2022
2022-07-31,108987.684935,62814.642965,17756.767204,0.799255,"BIL,GSG",2,,,,,,,,0.200745,,,,,,,-0.001198,-0.001200,2022
2022-08-31,108508.172564,62537.793644,17756.767204,0.804346,"BIL,GSG",2,,,,,,,,0.195654,,,,,,,-0.004400,-0.004407,2022
2022-09-30,107096.635826,61723.111834,17756.767204,1.000000,BIL,1,,,,,,,,,,,,,,,-0.013009,-0.013027,2022
2022-10-31,107266.881865,61821.229906,17756.767204,0.833333,"BIL,VTV",2,,,0.166667,,,,,,,,,,,,0.001590,0.001590,2022
2022-11-30,108619.710676,62600.907095,17756.767204,0.492210,"BIL,VBR,VEA,VTV",4,,0.166667,0.174457,,,0.166667,,,,,,,,,0.012612,0.012612,2022
2022-12-31,106767.681551,59607.838862,19682.453629,0.502638,"BIL,IAU,VEA,VTV",4,,0.166779,0.171631,,0.168331,,,,,,,,,,-0.017051,-0.047812,2022
2023-01-31,110056.598408,61455.860077,19682.453629,0.000000,"IAU,VBK,VBR,VEA,VTV,VWO",6,,0.176372,0.171107,0.166667,0.172709,0.166667,0.146479,,,,,,,,0.030804,0.031003,2023
2023-02-28,105747.113800,59045.636828,19682.453629,0.161927,"BIL,IAU,VBK,VBR,VEA,VTV",6,,0.177192,0.172327,,0.170081,0.169554,0.148918,,,,,,,,-0.039157,-0.039219,2023
2023-03-31,106476.244486,59463.412289,19682.453629,0.000000,"IAU,QQQ,VCIT,VEA,VTV,VWO",6,,0.180596,0.170331,0.133438,0.182301,,,,,0.166667,,,0.166667,,0.006895,0.007075,2023
2023-04-30,107637.980626,60115.186540,19682.453629,0.004806,"BIL,IAU,QQQ,VCIT,VEA,VGIT,VWO",7,,0.183344,,0.131469,0.181965,,,,,0.165697,,0.166667,0.166051,,0.010911,0.010961,2023
2023-05-31,107202.140233,59872.820535,19682.453629,0.132942,"BIL,IAU,QQQ,VCIT,VEA,VGIT",6,,0.177217,,,0.180231,,,,,0.179484,,0.165570,0.164557,,-0.004049,-0.004032,2023
2023-06-30,108691.527851,60704.077646,19682.453629,0.000000,"QQQ,VBK,VBR,VEA,VTV,VWO",6,,0.182554,0.129260,0.166667,,0.166667,0.166667,,,0.188186,,,,,0.013893,0.013884,2023
2023-07-31,113406.804523,63337.370848,19682.453629,0.000000,"QQQ,VBK,VBR,VEA,VTV,VWO",6,,0.180458,0.128167,0.169122,,0.168420,0.166510,,,0.187324,,,,,0.043382,0.043379,2023
2023-08-31,109371.782091,61082.892112,19682.453629,0.000000,"GSG,IAU,QQQ,VBR,VEA,VTV",6,,0.179733,0.129733,,0.166667,0.168687,,0.163823,,0.191357,,,,,-0.035580,-0.035595,2023
2023-09-30,106011.470371,59205.938410,19682.453629,0.637279,"BIL,GSG,QQQ",3,,,,,,,,0.175325,,0.187396,,,,,-0.030724,-0.030728,2023
2023-10-31,105165.859253,58733.667642,19682.453629,0.478506,"BIL,GSG,IAU,QQQ",4,,,,,0.166667,,,0.169826,,0.185001,,,,,-0.007977,-0.007977,2023
2023-11-30,107164.783492,59849.979609,19682.453629,0.000000,"IAU,QQQ,VBR,VEA,VTV,VWO",6,,0.166667,0.131116,0.166667,0.167692,0.166667,,,,0.201192,,,,,0.019007,0.019006,2023
2023-12-31,112660.858455,62919.455437,19682.453629,0.000000,"IAU,QQQ,VBK,VBR,VEA,VNQ",6,,0.167387,,,0.161539,0.174128,0.128213,,0.166667,0.202067,,,,,0.051286,0.051286,2023
2024-01-31,110760.988680,61858.385468,19682.453629,0.000000,"QQQ,VBK,VBR,VCIT,VEA,VTV",6,,0.168410,0.156319,,,0.172696,0.126636,,,0.209272,,,0.166667,,-0.016864,-0.016864,2024
2024-02-29,114706.349176,64061.822118,19682.453629,0.000000,"QQQ,VBK,VBR,VEA,VTV,VWO",6,,0.167080,0.155977,0.158608,,0.173512,0.132072,,,0.212750,,,,,0.035620,0.035621,2024
2024-03-31,118560.273772,66214.191086,19682.453629,0.000000,"IAU,QQQ,VBK,VBR,VEA,VTV",6,,0.167561,0.158700,,0.156403,0.177293,0.131587,,,0.208456,,,,,0.033598,0.033598,2024
2024-04-30,114236.776248,63799.567061,19682.453629,0.001309,"BIL,IAU,QQQ,VBK,VBR,VTV,VWO",7,,,0.158264,0.166667,0.167306,0.172956,0.126615,,,0.206883,,,,,-0.036467,-0.036467,2024
2024-05-31,118283.257387,66059.455627,19682.453629,0.000000,"IAU,QQQ,VBK,VBR,VEA,VTV",6,,0.165709,0.157430,,0.164158,0.174022,0.126584,,,0.212098,,,,,0.035422,0.035422,2024
2024-06-30,119128.000595,66531.202140,19682.453629,0.000000,"GSG,IAU,QQQ,VEA,VTV,VWO",6,,0.161821,0.156555,0.127963,0.162772,,,0.166667,,0.224223,,,,,0.007142,0.007141,2024
2024-07-31,120801.613342,67465.905341,19682.453629,0.000000,"IAU,QQQ,VBK,VBR,VNQ,VTV",6,,,0.161700,,0.169176,0.166667,0.118384,,0.166667,0.217406,,,,,0.014049,0.014049,2024
2024-08-31,123148.471122,68776.585786,19682.453629,0.000000,"IAU,QQQ,VBR,VEA,VNQ,VTV",6,,0.116115,0.163188,,0.169465,0.163589,,,0.172026,0.215617,,,,,0.019427,0.019427,2024
2024-09-30,126392.094197,70588.093630,19682.453629,0.000000,"IAU,QQQ,VBR,VNQ,VTV,VWO",6,,,0.161429,0.114359,0.173567,0.161965,,,0.173089,0.215590,,,,,0.026339,0.026339,2024
2024-10-31,125496.570633,70087.948726,19682.453629,0.000000,"IAU,QQQ,VBK,VBR,VNQ,VTV",6,,,0.160337,,0.182333,0.161512,0.112094,,0.168473,0.215251,,,,,-0.007085,-0.007085,2024
2024-11-30,131885.766893,73656.253649,19682.453629,0.000000,"IAU,QQQ,VBK,VBR,VNQ,VTV",6,,,0.161174,,0.168178,0.167139,0.120586,,0.167139,0.215783,,,,,0.050911,0.050912,2024
2024-12-31,125641.772903,69867.574938,19983.914194,0.000000,"GSG,IAU,QQQ,VBK,VBR,VTV",6,,,0.158555,,0.174199,0.162029,0.117956,0.161168,,0.227532,,,,,-0.047344,-0.051437,2024
2025-01-31,130661.301756,72663.231054,19983.914194,0.000000,"GSG,IAU,QQQ,VBK,VBR,VTV",6,,,0.159118,,0.178864,0.161408,0.118176,0.160306,,0.223511,,,,,0.039951,0.040014,2025
2025-02-28,128433.337745,71422.158255,19983.914194,0.000000,"GSG,IAU,QQQ,VNQ,VTV,VWO",6,,,0.163193,0.102777,0.185414,,,0.160702,0.166667,0.221247,,,,,-0.017051,-0.017080,2025
2025-03-31,128166.719220,71275.551713,19983.914194,0.034250,"BIL,GSG,IAU,VEA,VGIT,VTV,VWO",7,,0.166667,0.159510,0.104315,0.203350,,,0.165241,,,,0.166667,,,-0.002076,-0.002053,2025
2025-04-30,128115.039250,71244.930109,19983.914194,0.005491,"BIL,IAU,IGOV,VCIT,VEA,VGIT,VWO",7,0.166667,0.173430,,0.104337,0.214514,,,,,,,0.168896,0.166667,,-0.000403,-0.000430,2025
2025-05-31,129580.499836,72057.705435,19983.914194,0.004398,"BIL,IAU,IGOV,QQQ,VCIT,VEA,VWO",7,0.164158,0.180263,,0.107150,0.212060,,,,,0.166667,,,0.165305,,0.011439,0.011408,2025
2025-06-30,133702.514578,74346.708980,19983.914194,0.000835,"BIL,IAU,IGOV,QQQ,VBK,VEA,VWO",7,0.164209,0.180644,,0.109604,0.206192,,0.166667,,,0.171849,,,,,0.031810,0.031766,2025
2025-07-31,133464.905936,74214.101593,19983.914194,0.000000,"GSG,IAU,QQQ,VBK,VEA,VWO",6,,0.178459,,0.110555,0.205401,,0.170250,0.159006,,0.176328,,,,,-0.001777,-0.001784,2025
2025-08-31,137454.697404,76431.587760,19983.914194,0.000000,"IAU,QQQ,VBK,VBR,VEA,VWO",6,,0.180957,,0.111077,0.209380,0.154189,0.171551,,,0.172846,,,,,0.029894,0.029880,2025
2025-09-30,144114.666382,80134.238245,19983.914194,0.000000,"IAU,QQQ,VBK,VBR,VEA,VWO",6,,0.176999,,0.111970,0.223235,0.147657,0.166418,,,0.173721,,,,,0.048452,0.048444,2025
2025-10-31,147424.188567,81974.128406,19983.914194,0.000000,"IAU,QQQ,VBK,VEA,VTV,VWO",6,,0.176087,0.142822,0.111053,0.226081,,0.166017,,,0.177940,,,,,0.022965,0.022960,2025
2025-11-30,149398.122921,83075.170519,19983.914194,0.000000,"GSG,IAU,QQQ,VEA,VTV,VWO",6,,0.175434,0.144510,0.108245,0.234981,,,0.163989,,0.172841,,,,,0.013389,0.013432,2025
2025-12-31,150931.215625,82207.895623,21704.042203,0.000000,"IAU,QQQ,VBR,VEA,VTV,VWO",6,,0.180353,0.145781,0.108680,0.237748,0.162889,,,,0.171509,,,,,0.010262,-0.010440,2025
2026-01-31,160407.853054,87396.292514,21704.042203,0.000000,"GSG,IAU,VBR,VEA,VTV,VWO",6,,0.179776,0.143416,0.107381,0.251267,0.161394,,0.156765,,,,,,,0.062788,0.063113,2026
2026-02-28,168251.550223,91680.937502,21704.042203,0.000000,"GSG,IAU,VBR,VEA,VTV,VWO",6,,0.181832,0.141853,0.105318,0.260194,0.158548,,0.152254,,,,,,,0.048898,0.049025,2026
2026-03-31,163552.222992,88982.812082,21704.042203,0.000000,"GSG,IAU,VBR,VEA,VTV,VWO",6,,0.171216,0.139128,0.100947,0.238561,0.155268,,0.194880,,,,,,,-0.027930,-0.029430,2026
2026-04-30,171651.702219,93383.605511,21704.042203,0.030328,"BIL,GSG,QQQ,VBK,VBR,VEA,VWO",7,,0.175164,,0.104875,,0.158282,0.166667,0.198018,,0.166667,,,,,0.049522,0.049457,2026
2026-05-31,171532.091860,89097.060975,25933.195370,0.031298,"BIL,GSG,QQQ,VBK,VBR,VEA,VWO",7,,0.175941,,0.105046,,0.159898,0.172620,0.198766,,0.172364,,,,,-0.000697,-0.045903,2026
