Date,Pre_Tax_Value,After_Tax_Value,Pre_Tax_Return,After_Tax_Return,Tax_Paid_Cumulative,BIL_Weight,Holdings,Num_Holdings
1999-01-31,10000.000000,10000.000000,,,0.000000,0.500000,"IGOV,VTV,VEA,BIL",4
1999-02-28,9811.523427,9811.523427,-0.018848,-0.018848,0.000000,0.334055,"IGOV,VTV,VEA,VWO,BIL",5
1999-03-31,10159.260955,10159.260955,0.035442,0.035442,0.000000,0.324327,"IGOV,VTV,VEA,VWO,BIL",5
1999-04-30,10692.918564,10692.918564,0.052529,0.052529,0.000000,0.142746,"IGOV,VTV,VEA,VWO,IAU,BIL",6
1999-05-31,10231.270257,10231.270257,-0.043173,-0.043173,0.000000,0.127069,"VTV,VEA,VWO,VBR,VBK,BIL",6
1999-06-30,10733.754106,10733.754106,0.049113,0.049113,0.000000,0.000000,"VTV,VEA,VWO,VBR,VBK,IAU",6
1999-07-31,10600.699591,10600.699591,-0.012396,-0.012396,0.000000,0.000000,"VTV,VEA,VWO,VBR,VBK,IAU",6
1999-08-31,10373.601727,10373.601727,-0.021423,-0.021423,0.000000,0.000000,"VTV,VEA,VWO,VBR,VBK,IAU",6
1999-09-30,10581.575810,10581.575810,0.020048,0.020048,0.000000,0.159539,"VEA,VWO,VBR,VBK,IAU,BIL",6
1999-10-31,10575.640044,10575.640044,-0.000561,-0.000561,0.000000,0.000000,"VEA,VWO,VBK,IAU,IGOV,VTV",6
1999-11-30,10946.561838,10946.561838,0.035073,0.035073,0.000000,0.000000,"VEA,VWO,VBK,IAU,IGOV,VTV",6
1999-12-31,11838.951561,11838.951561,0.081522,0.081522,0.000000,0.000000,"VEA,VWO,VBK,IAU,VTV,VBR",6
2000-01-31,11271.820654,11271.820654,-0.047904,-0.047904,0.000000,0.119711,"VEA,VWO,VBK,IAU,IGOV,BIL",6
2000-02-29,11792.471113,11792.471113,0.046190,0.046190,0.000000,0.056786,"VEA,VWO,VBK,IGOV,VBR,BIL",6
2000-03-31,11733.608857,11733.608857,-0.004992,-0.004992,0.000000,0.000000,"VEA,VWO,VBK,IGOV,VBR,VTV",6
2000-04-30,11328.230458,11328.230458,-0.034548,-0.034548,0.000000,0.000000,"VEA,VWO,VBK,IGOV,VBR,VTV",6
2000-05-31,11017.451488,11017.451488,-0.027434,-0.027434,0.000000,0.388317,"VBK,IGOV,VBR,VTV,BIL",5
2000-06-30,11344.241202,11344.241202,0.029661,0.029661,0.000000,0.273737,"VBK,IGOV,VBR,VEA,BIL",5
2000-07-31,11186.485695,11186.485695,-0.013906,-0.013906,0.000000,0.468015,"IGOV,VBR,VTV,BIL",4
2000-08-31,11577.795633,11577.795633,0.034981,0.034981,0.000000,0.127780,"IGOV,VBR,VTV,IAU,VBK,BIL",6
2000-09-30,11360.870472,11360.870472,-0.018736,-0.018736,0.000000,0.288862,"IGOV,VBR,VTV,VBK,BIL",5
2000-10-31,11457.054490,11457.054490,0.008466,0.008466,0.000000,0.288060,"IGOV,VBR,VTV,VBK,BIL",5
2000-11-30,11017.001120,11017.001120,-0.038409,-0.038409,0.000000,0.280234,"IGOV,VBR,VTV,IAU,BIL",5
2000-12-31,11690.742394,11540.334327,0.061155,0.047502,150.408068,0.270742,"IGOV,VBR,VTV,IAU,BIL",5
2001-01-31,12042.799641,11888.975504,0.030114,0.030211,150.408068,0.267428,"IGOV,VBR,VTV,IAU,BIL",5
2001-02-28,11925.514529,11773.016868,-0.009739,-0.009753,150.408068,0.272516,"IGOV,VBR,VTV,IAU,BIL",5
2001-03-31,11483.947767,11334.951871,-0.037027,-0.037209,150.408068,0.602327,"IGOV,VBR,BIL",3
2001-04-30,11586.134211,11436.188150,0.008898,0.008931,150.408068,0.260890,"IGOV,VBR,IAU,VTV,BIL",5
2001-05-31,11844.730438,11691.549630,0.022319,0.022329,150.408068,0.257064,"IGOV,VBR,IAU,VTV,BIL",5
2001-06-30,11872.571186,11719.254569,0.002350,0.002370,150.408068,0.250125,"IGOV,VBR,IAU,VBK,BIL",5
2001-07-31,11769.996922,11617.793442,-0.008640,-0.008658,150.408068,0.257930,"IGOV,VBR,IAU,VBK,BIL",5
2001-08-31,11807.619289,11654.756952,0.003196,0.003182,150.408068,0.418389,"IGOV,VBR,IAU,BIL",4
2001-09-30,11577.800976,11426.955313,-0.019464,-0.019546,150.408068,0.626475,"IGOV,IAU,BIL",3
2001-10-31,11752.672530,11599.544954,0.015104,0.015104,150.408068,0.628639,"IGOV,IAU,BIL",3
2001-11-30,11627.925665,11476.431203,-0.010614,-0.010614,150.408068,0.290497,"IGOV,IAU,VBR,VBK,BIL",5
2001-12-31,11966.561451,11682.957244,0.029123,0.017996,278.112946,0.116165,"IGOV,IAU,VBR,VBK,VWO,BIL",6
2002-01-31,12259.172288,11969.513738,0.024452,0.024528,278.112946,0.113608,"IGOV,IAU,VBR,VBK,VWO,BIL",6
2002-02-28,12473.011593,12178.779117,0.017443,0.017483,278.112946,0.113159,"IGOV,IAU,VBR,VBK,VWO,BIL",6
2002-03-31,13011.794604,12706.915766,0.043196,0.043365,278.112946,0.000000,"IAU,VBR,VBK,VWO,VEA,VTV",6
2002-04-30,13190.717002,12884.088539,0.013751,0.013943,278.112946,0.000000,"IAU,VBR,VBK,VWO,VEA,IGOV",6
2002-05-31,13453.807267,13140.730165,0.019945,0.019919,278.112946,0.000000,"IAU,VBR,VBK,VWO,VEA,IGOV",6
2002-06-30,12541.207403,12246.746939,-0.067832,-0.068031,278.112946,0.155623,"IAU,VBR,VWO,VEA,IGOV,BIL",6
2002-07-31,11337.726026,11068.309148,-0.095962,-0.096225,278.112946,0.878031,"IGOV,BIL",2
2002-08-31,11526.102399,11252.209159,0.016615,0.016615,278.112946,0.711364,"IGOV,IAU,BIL",3
2002-09-30,11628.496504,11352.170085,0.008884,0.008884,278.112946,0.877257,"IGOV,BIL",2
2002-10-31,11557.304514,11282.669821,-0.006122,-0.006122,278.112946,0.877257,"IGOV,BIL",2
2002-11-30,11560.166215,11285.463520,0.000248,0.000248,278.112946,0.877257,"IGOV,BIL",2
2002-12-31,11799.572615,11365.707701,0.020710,0.007110,431.586184,0.713171,"IGOV,IAU,BIL",3
2003-01-31,11869.652091,11433.329293,0.005939,0.005950,431.586184,0.709318,"IGOV,IAU,BIL",3
2003-02-28,11898.456740,11461.308451,0.002427,0.002447,431.586184,0.717322,"IGOV,IAU,BIL",3
2003-03-31,11766.636169,11334.106899,-0.011079,-0.011098,431.586184,0.875315,"IGOV,BIL",2
2003-04-30,11868.730442,11432.448293,0.008677,0.008677,431.586184,0.041982,"IGOV,VTV,VBK,VBR,VEA,VWO,BIL",7
2003-05-31,12631.577868,12167.254243,0.064274,0.064274,431.586184,0.039737,"IGOV,VTV,VBK,VBR,VWO,IAU,BIL",7
2003-06-30,12919.094968,12444.202515,0.022762,0.022762,431.586184,0.000000,"VTV,VBK,VBR,VWO,IAU,VEA",6
2003-07-31,13474.995152,12979.668388,0.043029,0.043029,431.586184,0.000000,"VTV,VBK,VBR,VWO,IAU,VEA",6
2003-08-31,14230.677867,13707.572995,0.056080,0.056080,431.586184,0.000000,"VTV,VBK,VBR,VWO,IAU,VEA",6
2003-09-30,14350.951166,13823.425174,0.008452,0.008452,431.586184,0.000000,"VTV,VBK,VBR,VWO,IAU,VEA",6
2003-10-31,15493.949033,14924.407631,0.079646,0.079646,431.586184,0.000000,"VBK,VBR,VWO,IAU,VEA,GSG",6
2003-11-30,16095.374785,15503.725600,0.038817,0.038817,431.586184,0.000000,"VBK,VBR,VWO,IAU,VEA,GSG",6
2003-12-31,16717.035683,15839.072729,0.038624,0.021630,695.048347,0.000000,"VBK,VBR,VWO,IAU,VEA,VTV",6
2004-01-31,16885.636471,15998.698118,0.010086,0.010078,695.048347,0.000000,"VBK,VBR,VWO,IAU,VEA,VTV",6
2004-02-29,17277.187613,16371.956394,0.023188,0.023331,695.048347,0.000000,"VBK,VBR,VWO,IAU,VEA,VTV",6
2004-03-31,17398.406862,16487.204710,0.007016,0.007039,695.048347,0.000000,"VBK,VBR,VWO,IAU,VEA,GSG",6
2004-04-30,16074.062898,15230.334590,-0.076119,-0.076233,695.048347,0.000000,"VBK,VBR,VWO,VEA,GSG,VTV",6
2004-05-31,16268.192171,15412.568047,0.012077,0.011965,695.048347,0.000000,"VBK,VBR,VWO,VEA,GSG,VTV",6
2004-06-30,16515.334379,15651.026251,0.015192,0.015472,695.048347,0.181916,"VBK,VBR,VEA,GSG,VTV,BIL",6
2004-07-31,16131.014577,15284.097226,-0.023270,-0.023444,695.048347,0.354929,"VBR,VEA,GSG,VTV,BIL",5
2004-08-31,16352.979671,15494.934034,0.013760,0.013795,695.048347,0.190234,"VBR,VEA,GSG,VTV,VWO,BIL",6
2004-09-30,16861.129804,15973.695699,0.031074,0.030898,695.048347,0.018163,"VBR,VEA,GSG,VTV,VWO,IAU,BIL",7
2004-10-31,17224.429678,16317.329865,0.021547,0.021513,695.048347,0.017931,"VBR,VEA,GSG,VTV,VWO,IAU,BIL",7
2004-11-30,18360.973674,17398.154444,0.065984,0.066238,695.048347,0.000000,"VBR,VEA,VTV,VWO,IAU,VBK",6
2004-12-31,18893.748559,17182.319467,0.029017,-0.012406,1415.514726,0.000000,"VBR,VEA,VTV,VWO,IAU,VBK",6
2005-01-31,18442.084699,16766.615853,-0.023905,-0.024194,1415.514726,0.000000,"VBR,VEA,VTV,VWO,IAU,VBK",6
2005-02-28,19203.365298,17470.004336,0.041280,0.041952,1415.514726,0.000000,"VBR,VEA,VTV,VWO,IAU,VBK",6
2005-03-31,18623.314992,16934.654930,-0.030206,-0.030644,1415.514726,0.000000,"VBR,VEA,VTV,VWO,IAU,GSG",6
2005-04-30,18213.726837,16568.772148,-0.021993,-0.021606,1415.514726,0.000000,"VBR,VEA,VTV,VWO,IAU,IGOV",6
2005-05-31,18469.787665,16800.405496,0.014059,0.013980,1415.514726,0.000000,"VBR,VEA,VTV,VWO,IGOV,VBK",6
2005-06-30,18886.440154,17183.217174,0.022559,0.022786,1415.514726,0.000000,"VBR,VTV,VWO,VBK,IAU,GSG",6
2005-07-31,19636.762744,17871.948647,0.039728,0.040082,1415.514726,0.000000,"VBR,VTV,VWO,VBK,GSG,VEA",6
2005-08-31,19893.997074,18087.973883,0.013100,0.012087,1415.514726,0.000000,"VBR,VWO,VBK,GSG,VEA,IAU",6
2005-09-30,20742.109970,18864.804248,0.042632,0.042947,1415.514726,0.000000,"VBR,VWO,VBK,GSG,VEA,IAU",6
2005-10-31,19878.677866,18087.935555,-0.041627,-0.041181,1415.514726,0.000000,"VBR,VWO,VBK,VEA,IAU,VTV",6
2005-11-30,20871.792281,18996.997644,0.049959,0.050258,1415.514726,0.000000,"VBR,VWO,VBK,VEA,IAU,VTV",6
2005-12-31,21500.805795,19139.356172,0.030137,0.007494,1851.569977,0.000000,"VBR,VWO,VBK,VEA,IAU,VTV",6
2006-01-31,23258.089748,20727.930921,0.081731,0.083000,1851.569977,0.000000,"VBR,VWO,VBK,VEA,IAU,VNQ",6
2006-02-28,23158.802404,20630.569865,-0.004269,-0.004697,1851.569977,0.000000,"VBR,VWO,VBK,VEA,IAU,VNQ",6
2006-03-31,23934.706223,21317.036409,0.033504,0.033274,1851.569977,0.000000,"VBR,VWO,VBK,VEA,IAU,VNQ",6
2006-04-30,24890.609521,22201.689883,0.039938,0.041500,1851.569977,0.000000,"VBR,VWO,VBK,VEA,IAU,VNQ",6
2006-05-31,23616.102412,21056.160138,-0.051204,-0.051597,1851.569977,0.000000,"VWO,VBK,VEA,IAU,VNQ,VTV",6
2006-06-30,23521.142165,20949.085250,-0.004021,-0.005085,1851.569977,0.000000,"VWO,VEA,IAU,VNQ,VTV,VBR",6
2006-07-31,23938.106029,21311.716584,0.017727,0.017310,1851.569977,0.000000,"VWO,VEA,IAU,VNQ,VTV,GSG",6
2006-08-31,24175.445136,21510.090291,0.009915,0.009308,1851.569977,0.000000,"VWO,VEA,IAU,VNQ,VTV,VBR",6
2006-09-30,24189.399735,21511.973868,0.000577,0.000088,1851.569977,0.000000,"VWO,VEA,IAU,VNQ,VTV,VBR",6
2006-10-31,25147.124653,22353.886823,0.039593,0.039137,1851.569977,0.013891,"VWO,VEA,VNQ,VTV,VBR,VBK,BIL",7
2006-11-30,26191.031076,23277.441745,0.041512,0.041315,1851.569977,0.011880,"VWO,VEA,VNQ,VTV,VBR,IAU,BIL",7
2006-12-31,26525.696790,22723.714488,0.012778,-0.023788,2715.908638,0.011961,"VWO,VEA,VNQ,VTV,VBR,IAU,BIL",7
2007-01-31,27091.049856,23184.535737,0.021313,0.020279,2715.908638,0.000000,"VWO,VEA,VNQ,VTV,VBR,VBK",6
2007-02-28,26826.201971,22963.763552,-0.009776,-0.009522,2715.908638,0.000782,"VWO,VEA,VNQ,VTV,VBR,IAU,BIL",7
2007-03-31,27151.898459,23258.184237,0.012141,0.012821,2715.908638,0.000000,"VWO,VEA,VNQ,VTV,IAU,VBK",6
2007-04-30,27989.548425,23989.959874,0.030851,0.031463,2715.908638,0.000000,"VWO,VEA,VNQ,VTV,VBK,VBR",6
2007-05-31,29030.226395,24899.471688,0.037181,0.037912,2715.908638,0.000000,"VWO,VEA,VNQ,VTV,VBK,VBR",6
2007-06-30,28756.340406,24699.520117,-0.009435,-0.008030,2715.908638,0.000000,"VWO,VEA,VTV,VBK,VBR,IGOV",6
2007-07-31,28309.839219,24311.475910,-0.015527,-0.015711,2715.908638,0.142716,"VWO,VEA,VBK,IGOV,IAU,BIL",6
2007-08-31,28411.104392,24394.256050,0.003577,0.003405,2715.908638,0.000000,"VWO,VEA,VBK,IGOV,IAU,VTV",6
2007-09-30,30278.259003,26016.824086,0.065719,0.066514,2715.908638,0.000000,"VWO,VEA,VBK,IAU,VTV,GSG",6
2007-10-31,32248.603648,27717.771624,0.065075,0.065379,2715.908638,0.000000,"VWO,VEA,VBK,IAU,VTV,GSG",6
2007-11-30,30712.186980,26372.907628,-0.047643,-0.048520,2715.908638,0.097925,"VWO,VEA,IAU,GSG,IGOV,BIL",6
2007-12-31,31061.287975,26209.695677,0.011367,-0.006189,3166.762226,0.098137,"VWO,VEA,IAU,GSG,IGOV,BIL",6
2008-01-31,30831.623782,25973.575184,-0.007394,-0.009009,3166.762226,0.488661,"IAU,GSG,IGOV,BIL",4
2008-02-29,31814.178197,26756.006165,0.031868,0.030124,3166.762226,0.308603,"IAU,GSG,IGOV,VWO,BIL",5
2008-03-31,30850.936832,25974.166125,-0.030277,-0.029221,3166.762226,0.484001,"IAU,GSG,IGOV,BIL",4
2008-04-30,30602.372453,25755.348800,-0.008057,-0.008424,3166.762226,0.000000,"IAU,GSG,IGOV,VWO,VNQ,VEA",6
2008-05-31,30880.931111,25984.718241,0.009103,0.008906,3166.762226,0.000000,"IAU,GSG,IGOV,VWO,VEA,VBK",6
2008-06-30,30313.639721,25453.317657,-0.018370,-0.020451,3166.762226,0.454828,"IAU,GSG,IGOV,BIL",4
2008-07-31,29576.895740,24883.620063,-0.024304,-0.022382,3166.762226,0.465244,"IAU,GSG,IGOV,BIL",4
2008-08-31,28800.907037,24252.008871,-0.026236,-0.025383,3166.762226,0.316509,"IGOV,VBR,VNQ,VBK,BIL",5
2008-09-30,27755.175949,23371.443561,-0.036309,-0.036309,3166.762226,0.826606,"VNQ,BIL",2
2008-10-31,25646.881723,21596.139394,-0.075960,-0.075960,3166.762226,1.000000,BIL,1
2008-11-30,26580.639711,22382.416958,0.036408,0.036408,3166.762226,0.833333,"IGOV,BIL",2
2008-12-31,27463.834546,22051.759099,0.033227,-0.014773,4241.120585,0.676591,"IGOV,IAU,BIL",3
2009-01-31,27557.833227,22127.362044,0.003423,0.003428,4241.120585,0.669583,"IGOV,IAU,BIL",3
2009-02-28,27531.511514,22105.763163,-0.000955,-0.000976,4241.120585,0.667401,"IGOV,IAU,BIL",3
2009-03-31,27742.230371,22277.350617,0.007654,0.007762,4241.120585,0.672065,"IGOV,IAU,BIL",3
2009-04-30,27664.937510,22215.034637,-0.002786,-0.002797,4241.120585,0.498494,"IGOV,IAU,VWO,BIL",4
2009-05-31,29136.140474,23399.211781,0.053179,0.053305,4241.120585,0.000000,"IGOV,IAU,VWO,VBR,VEA,VBK",6
2009-06-30,28806.861747,23132.333004,-0.011301,-0.011405,4241.120585,0.000000,"IGOV,IAU,VWO,VBR,VEA,VBK",6
2009-07-31,30972.808134,24869.705248,0.075189,0.075106,4241.120585,0.000000,"IGOV,VWO,VBR,VEA,VBK,VTV",6
2009-08-31,31880.014639,25598.913737,0.029290,0.029321,4241.120585,0.000000,"VWO,VBR,VEA,VBK,VTV,VNQ",6
2009-09-30,33863.290305,27190.144233,0.062211,0.062160,4241.120585,0.000000,"VWO,VBR,VEA,VBK,VTV,VNQ",6
2009-10-31,32543.711770,26132.142917,-0.038968,-0.038911,4241.120585,0.001463,"VWO,VEA,VBK,VNQ,IAU,GSG,BIL",7
2009-11-30,34600.309350,27783.024868,0.063195,0.063174,4241.120585,0.001395,"VWO,VEA,VBK,VNQ,IAU,GSG,BIL",7
2009-12-31,35250.488606,27550.709754,0.018791,-0.008362,4991.736629,0.000000,"VWO,VEA,VBK,VNQ,GSG,VBR",6
2010-01-31,32605.374649,25466.360631,-0.075038,-0.075655,4991.736629,0.000000,"VWO,VEA,VBK,VNQ,VBR,VTV",6
2010-02-28,33702.211987,26326.629427,0.033640,0.033781,4991.736629,0.000000,"VWO,VEA,VBK,VNQ,VBR,VTV",6
2010-03-31,36361.471929,28408.506220,0.078905,0.079079,4991.736629,0.000000,"VWO,VEA,VBK,VNQ,VBR,VTV",6
2010-04-30,37390.824929,29219.878887,0.028309,0.028561,4991.736629,0.000000,"VWO,VBK,VNQ,VBR,VTV,IAU",6
2010-05-31,35163.057910,27482.980564,-0.059581,-0.059442,4991.736629,0.000000,"VBK,VNQ,VBR,IAU,VGLT,VGIT",6
2010-06-30,34504.445856,26951.961475,-0.018730,-0.019322,4991.736629,0.148373,"VNQ,IAU,VGLT,VGIT,VCIT,BIL",6
2010-07-31,34958.909611,27309.290991,0.013171,0.013258,4991.736629,0.000000,"VNQ,VGLT,VCIT,VBR,VWO,VBK",6
2010-08-31,34550.806215,26994.135918,-0.011674,-0.011540,4991.736629,0.000000,"VNQ,VGLT,VCIT,VWO,IAU,VGIT",6
2010-09-30,35722.065620,27911.621843,0.033900,0.033988,4991.736629,0.000000,"VNQ,VGLT,VWO,IAU,VBR,VBK",6
2010-10-31,36679.246548,28659.471137,0.026795,0.026793,4991.736629,0.003785,"VNQ,VWO,IAU,VBR,VBK,VEA,BIL",7
2010-11-30,36510.957189,28524.206183,-0.004588,-0.004720,4991.736629,0.000000,"VNQ,VWO,IAU,VBR,VBK,VTV",6
2010-12-31,38793.188920,29672.518539,0.062508,0.040257,5624.125206,0.000000,"VNQ,VWO,IAU,VBR,VBK,VTV",6
2011-01-31,38641.283365,29557.438354,-0.003916,-0.003878,5624.125206,0.000000,"VNQ,VBR,VBK,VTV,GSG,VEA",6
2011-02-28,40293.014625,30821.641976,0.042745,0.042771,5624.125206,0.000000,"VNQ,VBR,VBK,VTV,GSG,VEA",6
2011-03-31,40511.374986,30991.356713,0.005419,0.005506,5624.125206,0.000000,"VNQ,VBR,VBK,VTV,GSG,IAU",6
2011-04-30,42363.778764,32400.437119,0.045726,0.045467,5624.125206,0.002589,"VNQ,VBR,VBK,GSG,IAU,VEA,BIL",7
2011-05-31,41414.410926,31677.911480,-0.022410,-0.022300,5624.125206,0.007045,"VNQ,VBK,IAU,VEA,VWO,VTV,BIL",7
2011-06-30,40573.583569,31036.867272,-0.020303,-0.020236,5624.125206,0.000000,"VNQ,VBK,VEA,VWO,VTV,VBR",6
2011-07-31,39817.037877,30461.949025,-0.018646,-0.018524,5624.125206,0.000000,"VNQ,VBK,IAU,IGOV,VCIT,VGLT",6
2011-08-31,40473.945641,30959.146599,0.016498,0.016322,5624.125206,0.142383,"IAU,IGOV,VCIT,VGLT,VGIT,BIL",6
2011-09-30,39993.095137,30586.519087,-0.011880,-0.012036,5624.125206,0.144086,"IAU,IGOV,VCIT,VGLT,VGIT,BIL",6
2011-10-31,40224.456366,30765.465337,0.005785,0.005850,5624.125206,0.138219,"IAU,VCIT,VGLT,VGIT,VNQ,BIL",6
2011-11-30,40186.068632,30735.061951,-0.000954,-0.000988,5624.125206,0.298876,"IAU,VCIT,VGLT,VGIT,BIL",5
2011-12-31,39879.787738,29053.835349,-0.007622,-0.054701,7069.541454,0.131464,"VCIT,VGLT,VGIT,VNQ,VTV,BIL",6
2012-01-31,40766.651866,29711.872321,0.022238,0.022649,7069.541454,0.000000,"VCIT,VGLT,VGIT,VNQ,IAU,VBR",6
2012-02-29,40450.441898,29474.646520,-0.007757,-0.007984,7069.541454,0.002006,"VCIT,VGLT,VNQ,VBR,VTV,VBK,BIL",7
2012-03-31,40896.419107,29801.297765,0.011025,0.011082,7069.541454,0.187187,"VNQ,VBR,VTV,VBK,VWO,BIL",6
2012-04-30,40780.268035,29721.811044,-0.002840,-0.002667,7069.541454,0.000000,"VNQ,VTV,VBK,VCIT,VGLT,VGIT",6
2012-05-31,40177.100645,29273.426169,-0.014791,-0.015086,7069.541454,0.157661,"VNQ,VTV,VCIT,VGLT,VGIT,BIL",6
2012-06-30,40813.839077,29743.991017,0.015848,0.016075,7069.541454,0.000000,"VNQ,VTV,VCIT,VGLT,VGIT,VBR",6
2012-07-31,41457.607772,30214.352179,0.015773,0.015814,7069.541454,0.000000,"VNQ,VTV,VCIT,VGLT,VGIT,VBR",6
2012-08-31,41727.038509,30411.230457,0.006499,0.006516,7069.541454,0.000000,"VNQ,VTV,VCIT,VGLT,VBR,VBK",6
2012-09-30,42038.847369,30632.921721,0.007473,0.007290,7069.541454,0.008698,"VNQ,VTV,VBR,VBK,IAU,VWO,BIL",7
2012-10-31,41503.070132,30244.763013,-0.012745,-0.012671,7069.541454,0.026640,"VTV,VBR,VBK,VCIT,IGOV,VEA,BIL",7
2012-11-30,41758.625977,30428.705596,0.006158,0.006082,7069.541454,0.024014,"VTV,VBR,VBK,VCIT,VEA,VWO,BIL",7
2012-12-31,43111.408335,30634.456209,0.032395,0.006762,7846.444577,0.018140,"VTV,VBR,VBK,VEA,VWO,VNQ,BIL",7
2013-01-31,44960.723891,31949.560127,0.042896,0.042929,7846.444577,0.017393,"VTV,VBR,VBK,VEA,VWO,VNQ,BIL",7
2013-02-28,45065.733635,32022.595661,0.002336,0.002286,7846.444577,0.017353,"VTV,VBR,VBK,VEA,VWO,VNQ,BIL",7
2013-03-31,46265.073270,32873.282212,0.026613,0.026565,7846.444577,0.000000,"VTV,VBR,VBK,VEA,VNQ,VCIT",6
2013-04-30,47486.913694,33750.379598,0.026410,0.026681,7846.444577,0.000000,"VTV,VBR,VBK,VEA,VNQ,VGLT",6
2013-05-31,47039.378278,33424.753395,-0.009424,-0.009648,7846.444577,0.156448,"VTV,VBR,VBK,VEA,VNQ,BIL",6
2013-06-30,46407.958967,32973.410698,-0.013423,-0.013503,7846.444577,0.158555,"VTV,VBR,VBK,VEA,VNQ,BIL",6
2013-07-31,48368.692283,34365.001691,0.042250,0.042203,7846.444577,0.000000,"VTV,VBR,VBK,VEA,VNQ,GSG",6
2013-08-31,47104.071859,33458.112862,-0.026145,-0.026390,7846.444577,0.154458,"VTV,VBR,VBK,VEA,GSG,BIL",6
2013-09-30,48554.609914,34489.980808,0.030794,0.030841,7846.444577,0.133976,"VTV,VBR,VBK,VEA,IGOV,BIL",6
2013-10-31,49876.371783,35429.807271,0.027222,0.027249,7846.444577,0.000000,"VTV,VBR,VBK,VEA,VWO,VNQ",6
2013-11-30,50272.641383,35709.166337,0.007945,0.007885,7846.444577,0.000000,"VTV,VBR,VBK,VEA,VWO,IGOV",6
2013-12-31,51075.696032,36278.851052,0.015974,0.015953,7846.444577,0.000000,"VTV,VBR,VBK,VEA,VWO,IGOV",6
2014-01-31,49229.081443,34963.506446,-0.036154,-0.036257,7846.444577,0.000000,"VTV,VBR,VBK,VEA,VGLT,VCIT",6
2014-02-28,51112.647158,36300.897647,0.038261,0.038251,7846.444577,0.000000,"VTV,VBR,VBK,VEA,IGOV,VNQ",6
2014-03-31,51302.557381,36440.243525,0.003716,0.003839,7846.444577,0.000000,"VTV,VBR,VBK,VEA,IGOV,VNQ",6
2014-04-30,51372.873571,36497.106403,0.001371,0.001560,7846.444577,0.001797,"VTV,VBR,VBK,VEA,VNQ,MTUM,BIL",7
2014-05-31,52367.586386,37205.477893,0.019363,0.019409,7846.444577,0.000000,"VTV,VBR,VEA,VNQ,MTUM,VGLT",6
2014-06-30,53316.036356,37883.359850,0.018111,0.018220,7846.444577,0.000000,"VTV,VBR,VEA,VNQ,MTUM,VBK",6
2014-07-31,51933.181907,36904.085434,-0.025937,-0.025850,7846.444577,0.010660,"VTV,VEA,VNQ,MTUM,VGLT,VWO,BIL",7
2014-08-31,53595.282565,38085.847843,0.032005,0.032023,7846.444577,0.017655,"VTV,VNQ,MTUM,VGLT,VWO,VBR,BIL",7
2014-09-30,51734.036553,36762.085031,-0.034728,-0.034757,7846.444577,0.009324,"VTV,VNQ,MTUM,VGLT,VCIT,VGIT,BIL",7
2014-10-31,53045.694396,37695.905934,0.025354,0.025402,7846.444577,0.003793,"VTV,VNQ,MTUM,VGLT,VBR,VBK,BIL",7
2014-11-30,54214.074540,38526.509150,0.022026,0.022034,7846.444577,0.003711,"VTV,VNQ,MTUM,VGLT,VBR,VBK,BIL",7
2014-12-31,54799.438351,37849.960892,0.010797,-0.017561,8939.357740,0.001143,"VTV,VNQ,MTUM,VGLT,VBR,VCIT,BIL",7
2015-01-31,55513.952287,38353.191587,0.013039,0.013295,8939.357740,0.007030,"VNQ,MTUM,VGLT,VCIT,IAU,VGIT,BIL",7
2015-02-28,54459.515651,37620.138046,-0.018994,-0.019113,8939.357740,0.008551,"VNQ,MTUM,VGLT,VBR,VTV,VBK,BIL",7
2015-03-31,54568.117166,37696.473569,0.001994,0.002029,8939.357740,0.006001,"VNQ,MTUM,VGLT,VBR,VBK,VCIT,BIL",7
2015-04-30,53614.405224,37032.090566,-0.017477,-0.017625,8939.357740,0.000000,"MTUM,VBR,VBK,VEA,VWO,VTV",6
2015-05-31,54092.766396,37363.743030,0.008922,0.008956,8939.357740,0.000000,"MTUM,VBR,VBK,VEA,VTV,VGLT",6
2015-06-30,53169.738800,36727.280957,-0.017064,-0.017034,8939.357740,0.000000,"MTUM,VBR,VBK,VEA,VTV,VGIT",6
2015-07-31,53800.524009,37164.584472,0.011864,0.011907,8939.357740,0.155848,"MTUM,VBR,VBK,VEA,VTV,BIL",6
2015-08-31,50991.123070,35223.772255,-0.052219,-0.052222,8939.357740,0.833333,"VGIT,BIL",2
2015-09-30,51075.534606,35282.082261,0.001655,0.001655,8939.357740,0.498259,"VGIT,VGLT,VCIT,BIL",4
2015-10-31,51007.252406,35234.914117,-0.001337,-0.001337,8939.357740,0.165064,"VGIT,VCIT,MTUM,VNQ,VTV,BIL",6
2015-11-30,51011.769412,35238.034385,0.000089,0.000089,8939.357740,0.331969,"VCIT,MTUM,VNQ,VTV,BIL",5
2015-12-31,50992.112386,34583.923414,-0.000385,-0.018563,9579.889983,0.501168,"MTUM,VNQ,VGIT,BIL",4
2016-01-31,50559.153468,34290.393327,-0.008491,-0.008487,9579.889983,0.327328,"VGIT,VGLT,VCIT,IGOV,BIL",5
2016-02-29,51208.716013,34731.194374,0.012848,0.012855,9579.889983,0.000000,"VGIT,VGLT,VCIT,IGOV,IAU,VNQ",6
2016-03-31,52538.658008,35629.748461,0.025971,0.025872,9579.889983,0.000391,"VGLT,IGOV,IAU,VNQ,MTUM,VTV,BIL",7
2016-04-30,52958.510964,35915.696931,0.007991,0.008026,9579.889983,0.000000,"VGLT,IGOV,IAU,VNQ,VTV,VBR",6
2016-05-31,52674.859284,35722.909734,-0.005356,-0.005368,9579.889983,0.000000,"VGLT,IGOV,VNQ,VTV,VBR,MTUM",6
2016-06-30,54471.090830,36938.847837,0.034100,0.034038,9579.889983,0.000000,"VGLT,IGOV,VNQ,MTUM,IAU,VCIT",6
2016-07-31,55692.384687,37765.809215,0.022421,0.022387,9579.889983,0.000000,"VGLT,VNQ,IAU,VBR,VWO,VBK",6
2016-08-31,55122.023880,37380.805068,-0.010241,-0.010195,9579.889983,0.000000,"VGLT,VNQ,VBR,VWO,VBK,VTV",6
2016-09-30,55053.562015,37335.257585,-0.001242,-0.001218,9579.889983,0.003130,"VBR,VWO,VBK,VTV,IAU,MTUM,BIL",7
2016-10-31,53802.704891,36484.875968,-0.022721,-0.022777,9579.889983,0.000000,"VBR,VWO,VTV,IAU,MTUM,VCIT",6
2016-11-30,53824.913070,36499.926180,0.000413,0.000413,9579.889983,0.000000,"VBR,VWO,VTV,MTUM,GSG,VBK",6
2016-12-31,54901.175006,36673.305884,0.019996,0.004750,10136.351681,0.000000,"VBR,VWO,VTV,GSG,VBK,VEA",6
2017-01-31,55927.091229,37362.212114,0.018687,0.018785,10136.351681,0.000000,"VBR,VWO,VTV,GSG,VBK,VEA",6
2017-02-28,57012.915731,38090.832226,0.019415,0.019502,10136.351681,0.000000,"VBR,VWO,VTV,VBK,VEA,MTUM",6
2017-03-31,57640.944952,38509.573320,0.011016,0.010993,10136.351681,0.000000,"VBR,VWO,VTV,VBK,VEA,MTUM",6
2017-04-30,58404.748379,39018.167155,0.013251,0.013207,10136.351681,0.000000,"VBR,VWO,VTV,VBK,VEA,MTUM",6
2017-05-31,59091.180779,39471.930894,0.011753,0.011630,10136.351681,0.000000,"VBR,VWO,VTV,VBK,VEA,MTUM",6
2017-06-30,59870.016739,39993.646193,0.013180,0.013217,10136.351681,0.000000,"VBR,VWO,VTV,VBK,VEA,MTUM",6
2017-07-31,61458.650087,41053.303414,0.026535,0.026496,10136.351681,0.000000,"VBR,VWO,VTV,VBK,VEA,MTUM",6
2017-08-31,61712.570389,41220.818313,0.004132,0.004080,10136.351681,0.003691,"VWO,VTV,VBK,VEA,MTUM,IGOV,BIL",7
2017-09-30,62714.639535,41889.754103,0.016238,0.016228,10136.351681,0.000000,"VWO,VTV,VBK,VEA,MTUM,VBR",6
2017-10-31,64220.369979,42890.323707,0.024009,0.023886,10136.351681,0.000000,"VWO,VTV,VBK,VEA,MTUM,VBR",6
2017-11-30,65576.625331,43794.432396,0.021119,0.021080,10136.351681,0.000000,"VWO,VTV,VBK,VEA,MTUM,VBR",6
2017-12-31,66465.635762,44007.897293,0.013557,0.004874,10519.181170,0.000000,"VWO,VTV,VBK,VEA,MTUM,GSG",6
2018-01-31,70302.275613,46549.060677,0.057724,0.057743,10519.181170,0.000000,"VWO,VTV,VBK,VEA,MTUM,GSG",6
2018-02-28,67570.033489,44729.741386,-0.038864,-0.039084,10519.181170,0.000000,"VWO,VTV,VBK,VEA,MTUM,GSG",6
2018-03-31,67173.294052,44472.735608,-0.005872,-0.005746,10519.181170,0.000000,"VWO,VBK,VEA,MTUM,GSG,IGOV",6
2018-04-30,67304.231314,44563.176185,0.001949,0.002034,10519.181170,0.000000,"VWO,VBK,VEA,MTUM,GSG,VTV",6
2018-05-31,68067.571789,45065.446911,0.011342,0.011271,10519.181170,0.006833,"VBK,MTUM,GSG,VTV,VBR,VNQ,BIL",7
2018-06-30,68861.674519,45592.731483,0.011666,0.011700,10519.181170,0.006764,"VBK,MTUM,GSG,VTV,VBR,VNQ,BIL",7
2018-07-31,69605.819710,46078.322062,0.010806,0.010651,10519.181170,0.006702,"VBK,MTUM,GSG,VTV,VBR,VNQ,BIL",7
2018-08-31,71988.027947,47650.306698,0.034224,0.034115,10519.181170,0.006491,"VBK,MTUM,GSG,VTV,VBR,VNQ,BIL",7
2018-09-30,71980.765670,47644.237426,-0.000101,-0.000127,10519.181170,0.006501,"VBK,MTUM,GSG,VTV,VBR,VNQ,BIL",7
2018-10-31,66674.804429,44141.032998,-0.073714,-0.073528,10519.181170,0.827075,"VNQ,BIL",2
2018-11-30,67316.322075,44565.757816,0.009622,0.009622,10519.181170,0.487386,"VNQ,VTV,VGIT,BIL",4
2018-12-31,65623.912735,41756.582189,-0.025141,-0.063034,12207.888958,0.332384,"VGIT,IAU,VGLT,VCIT,BIL",5
2019-01-31,66379.572553,42243.067414,0.011515,0.011651,12207.888958,0.149583,"VGIT,IAU,VGLT,VCIT,VNQ,BIL",6
2019-02-28,66269.774694,42171.541962,-0.001654,-0.001693,12207.888958,0.000000,"VGIT,IAU,VGLT,VCIT,VNQ,VBK",6
2019-03-31,67662.668013,43063.854931,0.021019,0.021159,12207.888958,0.003151,"VGLT,VCIT,VNQ,VBK,MTUM,VTV,BIL",7
2019-04-30,68452.154755,43556.744587,0.011668,0.011446,12207.888958,0.007863,"VNQ,VBK,MTUM,VTV,VBR,VWO,BIL",7
2019-05-31,65138.041980,41465.398282,-0.048415,-0.048014,12207.888958,0.000000,"VNQ,VGLT,VGIT,VCIT,IAU,IGOV",6
2019-06-30,66946.578968,42616.704536,0.027765,0.027765,12207.888958,0.000000,"VNQ,VGLT,IAU,MTUM,VTV,VBK",6
2019-07-31,67668.426582,43076.218013,0.010782,0.010782,12207.888958,0.000000,"VNQ,VGLT,IAU,MTUM,VBK,VCIT",6
2019-08-31,70269.678908,44731.976074,0.038441,0.038438,12207.888958,0.000000,"VNQ,VGLT,IAU,MTUM,VCIT,VGIT",6
2019-09-30,69543.764148,44269.812666,-0.010330,-0.010332,12207.888958,0.000000,"VNQ,VGLT,IAU,VCIT,VGIT,VTV",6
2019-10-31,70187.289066,44679.445235,0.009254,0.009253,12207.888958,0.000000,"VNQ,VGLT,IAU,VCIT,MTUM,VEA",6
2019-11-30,70080.596932,44611.588973,-0.001520,-0.001519,12207.888958,0.004957,"VNQ,VGLT,MTUM,VEA,VTV,VBK,BIL",7
2019-12-31,70879.829184,44090.952802,0.011404,-0.011670,13237.361052,0.011506,"MTUM,VEA,VTV,VBK,VBR,VWO,BIL",7
2020-01-31,69642.392121,43310.270784,-0.017458,-0.017706,13237.361052,0.000000,"MTUM,VBK,IAU,VGLT,VNQ,VCIT",6
2020-02-29,67917.936317,42231.937321,-0.024762,-0.024898,13237.361052,0.163729,"IAU,VGLT,VCIT,IGOV,VGIT,BIL",6
2020-03-31,68007.468393,42293.279787,0.001318,0.001453,13237.361052,0.465501,"IAU,VGLT,VGIT,BIL",4
2020-04-30,68923.293229,42862.826908,0.013467,0.013467,13237.361052,0.292560,"IAU,VGLT,VGIT,VCIT,BIL",5
2020-05-31,69360.938118,43134.991318,0.006350,0.006350,13237.361052,0.000000,"IAU,VGLT,VGIT,VCIT,MTUM,VBK",6
2020-06-30,70751.660324,43999.896443,0.020051,0.020051,13237.361052,0.000000,"IAU,VGLT,VGIT,VCIT,MTUM,VBK",6
2020-07-31,74390.203048,46262.731575,0.051427,0.051428,13237.361052,0.000000,"IAU,VGLT,VCIT,MTUM,VBK,VWO",6
2020-08-31,75503.044883,46954.802211,0.014960,0.014960,13237.361052,0.000897,"IAU,MTUM,VBK,VWO,VEA,VTV,BIL",7
2020-09-30,73575.099160,45755.823049,-0.025535,-0.025535,13237.361052,0.001485,"IAU,MTUM,VBK,VWO,VEA,VCIT,BIL",7
2020-10-31,72712.403389,45219.314251,-0.011725,-0.011725,13237.361052,0.000000,"IAU,MTUM,VBK,VWO,VCIT,VBR",6
2020-11-30,78122.993755,48584.173080,0.074411,0.074412,13237.361052,0.000000,"MTUM,VBK,VWO,VBR,VEA,VTV",6
2020-12-31,82451.537629,51248.505433,0.055407,0.054840,13264.947379,0.000000,"MTUM,VBK,VWO,VBR,VEA,VTV",6
2021-01-31,83491.040729,51894.670956,0.012607,0.012608,13264.947379,0.000000,"MTUM,VBK,VWO,VBR,VEA,GSG",6
2021-02-28,86993.044261,54070.999384,0.041945,0.041937,13264.947379,0.006352,"VBK,VWO,VBR,VEA,GSG,VTV,BIL",7
2021-03-31,88561.603335,55046.229094,0.018031,0.018036,13264.947379,0.006239,"VBK,VWO,VBR,VEA,GSG,VTV,BIL",7
2021-04-30,92061.571562,57221.334784,0.039520,0.039514,13264.947379,0.000000,"VBK,VBR,VEA,GSG,VTV,VNQ",6
2021-05-31,93608.704130,58182.879765,0.016805,0.016804,13264.947379,0.000000,"VBR,VEA,GSG,VTV,VNQ,VWO",6
2021-06-30,94262.751972,58589.066770,0.006987,0.006981,13264.947379,0.000000,"VBR,GSG,VTV,VNQ,VWO,VBK",6
2021-07-31,94090.132339,58481.478865,-0.001831,-0.001836,13264.947379,0.000000,"VBR,GSG,VTV,VNQ,VBK,VEA",6
2021-08-31,95235.662128,59193.828632,0.012175,0.012181,13264.947379,0.000000,"VBR,GSG,VTV,VNQ,VBK,MTUM",6
2021-09-30,93074.890393,57850.042885,-0.022689,-0.022701,13264.947379,0.158021,"VBR,GSG,VTV,VNQ,MTUM,BIL",6
2021-10-31,97880.384245,60836.721927,0.051630,0.051628,13264.947379,0.000000,"VBR,GSG,VTV,VNQ,MTUM,VBK",6
2021-11-30,93169.282007,57909.144496,-0.048131,-0.048122,13264.947379,0.000000,"VBR,GSG,VTV,VNQ,MTUM,VGLT",6
2021-12-31,97650.757377,57993.448751,0.048100,0.001456,15965.646109,0.000000,"VBR,GSG,VTV,VNQ,MTUM,VEA",6
2022-01-31,95454.883710,56652.072773,-0.022487,-0.023130,15965.646109,0.435009,"GSG,VTV,VNQ,BIL",4
2022-02-28,96332.515385,57172.469513,0.009194,0.009186,15965.646109,0.269336,"GSG,VTV,IAU,VBR,BIL",5
2022-03-31,99222.471320,58902.807886,0.030000,0.030265,15965.646109,0.094876,"GSG,VTV,IAU,VBR,VNQ,BIL",6
2022-04-30,97328.999960,57776.178034,-0.019083,-0.019127,15965.646109,0.593459,"GSG,IAU,BIL",3
2022-05-31,98176.210869,58286.195033,0.008705,0.008827,15965.646109,0.578791,"GSG,VTV,BIL",3
2022-06-30,95010.762266,56396.851270,-0.032243,-0.032415,15965.646109,0.757312,"GSG,BIL",2
2022-07-31,94868.508563,56311.478649,-0.001497,-0.001514,15965.646109,0.758733,"GSG,BIL",2
2022-08-31,94335.344611,55991.208593,-0.005620,-0.005687,15965.646109,0.764548,"GSG,BIL",2
2022-09-30,92832.186828,55089.969010,-0.015934,-0.016096,15965.646109,1.000000,BIL,1
2022-10-31,92979.757404,55177.542713,0.001590,0.001590,15965.646109,0.666667,"MTUM,VTV,BIL",3
2022-11-30,94641.053349,56163.415666,0.017867,0.017867,15965.646109,0.323691,"MTUM,VTV,VBR,VEA,BIL",5
2022-12-31,92342.806228,52949.657793,-0.024284,-0.057222,17815.541221,0.333376,"MTUM,VTV,VEA,IAU,BIL",5
2023-01-31,95069.944199,54532.023432,0.029533,0.029884,17815.541221,0.000000,"VTV,VEA,IAU,VBR,VWO,VBK",6
2023-02-28,91344.498890,52389.324351,-0.039186,-0.039292,17815.541221,0.161940,"VTV,VEA,IAU,VBR,VBK,BIL",6
2023-03-31,91981.252018,52769.675991,0.006971,0.007260,17815.541221,0.000000,"VTV,VEA,IAU,VCIT,VWO,VGIT",6
2023-04-30,92989.957450,53351.006741,0.010966,0.011016,17815.541221,0.000000,"VTV,VEA,IAU,VCIT,VWO,VGIT",6
2023-05-31,90682.032458,52022.319187,-0.024819,-0.024905,17815.541221,0.000202,"VEA,IAU,VCIT,VGIT,VGLT,VBK,BIL",7
2023-06-30,92072.349749,52827.610908,0.015332,0.015480,17815.541221,0.000000,"VEA,VBK,VBR,MTUM,VWO,VTV",6
2023-07-31,95737.529717,54930.534983,0.039808,0.039807,17815.541221,0.000000,"VEA,VBK,VBR,VWO,VTV,GSG",6
2023-08-31,92585.835660,53119.873883,-0.032920,-0.032963,17815.541221,0.007478,"VEA,VBR,VTV,GSG,IAU,MTUM,BIL",7
2023-09-30,89879.670985,51568.196555,-0.029229,-0.029211,17815.541221,0.818986,"GSG,BIL",2
2023-10-31,89561.069356,51385.389291,-0.003545,-0.003545,17815.541221,0.658777,"GSG,IAU,BIL",3
2023-11-30,89527.666850,51366.213300,-0.000373,-0.000373,17815.541221,0.000000,"IAU,VTV,VBR,VEA,MTUM,VWO",6
2023-12-31,93976.115159,53918.496289,0.049688,0.049688,17815.541221,0.000000,"IAU,VBR,VEA,MTUM,VNQ,VBK",6
2024-01-31,92826.761995,53259.058608,-0.012230,-0.012230,17815.541221,0.000000,"VBR,VEA,MTUM,VBK,VCIT,VTV",6
2024-02-29,96987.419657,55646.222579,0.044822,0.044822,17815.541221,0.000000,"VBR,VEA,MTUM,VBK,VTV,VWO",6
2024-03-31,100581.092992,57708.081234,0.037053,0.037053,17815.541221,0.000000,"VBR,VEA,MTUM,VBK,VTV,IAU",6
2024-04-30,96609.286477,55429.269990,-0.039489,-0.039489,17815.541221,0.000000,"VBR,MTUM,VBK,VTV,IAU,VWO",6
2024-05-31,99835.968066,57280.568250,0.033399,0.033399,17815.541221,0.000000,"VBR,MTUM,VBK,VTV,IAU,VEA",6
2024-06-30,100034.287989,57394.353674,0.001986,0.001986,17815.541221,0.000000,"MTUM,VTV,IAU,VEA,GSG,VWO",6
2024-07-31,101465.529803,58215.524173,0.014308,0.014308,17815.541221,0.000000,"MTUM,VTV,IAU,VBR,VNQ,VBK",6
2024-08-31,103835.535674,59575.307546,0.023358,0.023358,17815.541221,0.000000,"MTUM,VTV,IAU,VBR,VNQ,VEA",6
2024-09-30,106588.912022,61155.048456,0.026517,0.026517,17815.541221,0.000000,"MTUM,VTV,IAU,VBR,VNQ,VWO",6
2024-10-31,105917.820627,60770.011934,-0.006296,-0.006296,17815.541221,0.000000,"MTUM,VTV,IAU,VBR,VNQ,VBK",6
2024-11-30,111861.545630,64180.205051,0.056116,0.056116,17815.541221,0.000000,"MTUM,VTV,IAU,VBR,VNQ,VBK",6
2024-12-31,105385.941085,60154.359885,-0.057889,-0.062727,18126.028946,0.000000,"MTUM,VTV,IAU,VBR,VBK,GSG",6
2025-01-31,110437.374171,63042.193865,0.047933,0.048007,18126.028946,0.000000,"MTUM,VTV,IAU,VBR,VBK,GSG",6
2025-02-28,108964.499086,62199.026600,-0.013337,-0.013375,18126.028946,0.000000,"MTUM,VTV,IAU,GSG,VWO,VNQ",6
2025-03-31,109155.785035,62312.075360,0.001755,0.001818,18126.028946,0.000000,"VTV,IAU,GSG,VWO,VEA,VGIT",6
2025-04-30,109070.563707,62260.708041,-0.000781,-0.000824,18126.028946,0.000000,"IAU,VEA,VGIT,IGOV,MTUM,VCIT",6
2025-05-31,111783.412293,63809.906260,0.024872,0.024882,18126.028946,0.000000,"IAU,VEA,IGOV,MTUM,VCIT,VWO",6
2025-06-30,115071.620569,65684.453577,0.029416,0.029377,18126.028946,0.000000,"IAU,VEA,IGOV,MTUM,VWO,VBK",6
2025-07-31,114435.546625,65321.559203,-0.005528,-0.005525,18126.028946,0.000000,"IAU,VEA,MTUM,VWO,VBK,GSG",6
2025-08-31,117833.325509,67261.498715,0.029692,0.029698,18126.028946,0.000000,"IAU,VEA,MTUM,VWO,VBK,VBR",6
2025-09-30,123702.621677,70611.543486,0.049810,0.049806,18126.028946,0.000000,"IAU,VEA,MTUM,VWO,VBK,VBR",6
2025-10-31,125274.885210,71509.795412,0.012710,0.012721,18126.028946,0.000000,"IAU,VEA,MTUM,VWO,VBK,VTV",6
2025-11-30,126874.172847,72424.991226,0.012766,0.012798,18126.028946,0.000000,"IAU,VEA,MTUM,VWO,VTV,GSG",6
2025-12-31,128459.593453,72076.875399,0.012496,-0.004807,19378.761395,0.000000,"IAU,VEA,MTUM,VWO,VTV,VBR",6
2026-01-31,136696.507426,76719.755317,0.064121,0.064416,19378.761395,0.000000,"IAU,VEA,VWO,VTV,VBR,GSG",6
2026-02-28,143337.776713,80454.780383,0.048584,0.048684,19378.761395,0.000000,"IAU,VEA,VWO,VTV,VBR,GSG",6
2026-03-31,139340.759688,78106.136774,-0.027885,-0.029192,19378.761395,0.000000,"IAU,VEA,VWO,VTV,VBR,GSG",6
2026-04-30,146379.656489,82048.179814,0.050516,0.050470,19378.761395,0.025226,"VEA,VWO,VBR,GSG,MTUM,VBK,BIL",7
2026-05-31,146152.316787,78167.259989,-0.001553,-0.047300,23138.145679,0.026069,"VEA,VWO,VBR,GSG,MTUM,VBK,BIL",7
